state,traditional_method,se.traditional_method,year,country,pred,pred_upper,pred_lower
Africa:Senegal:Dakar,,,1990,,0.0200269045724963,0.0516106537211386,0.0095415953276611
Africa:Senegal:Dakar,,,1991,,0.0201337127604117,0.0463659727805304,0.0103838287275172
Africa:Senegal:Dakar,,,1992,,0.0202890094784538,0.0406377886720346,0.011363253702509
Africa:Senegal:Dakar,0.0205882352941176,0.0060591664613835,1993,Senegal,0.0206141642834272,0.0340201587930122,0.012432399709004
Africa:Senegal:Dakar,,,1994,,0.0186885015873853,0.035615000931964,0.0107589786507577
Africa:Senegal:Dakar,,,1995,,0.0171592881142646,0.0353302316471902,0.0091905289011425
Africa:Senegal:Dakar,,,1996,,0.0158310085591866,0.034008547804327,0.0078618569887917
Africa:Senegal:Dakar,,,1997,,0.0146419243963536,0.0320285960826982,0.0067859345841411
Africa:Senegal:Dakar,,,1998,,0.0135568515893817,0.0296127502050495,0.005927712304604
Africa:Senegal:Dakar,,,1999,,0.0125541716821569,0.0269995411375864,0.0052376357141624
Africa:Senegal:Dakar,,,2000,,0.0116183874206443,0.024272178551296,0.0046902486041253
Africa:Senegal:Dakar,,,2001,,0.0107362717320265,0.0216611260982796,0.0042574733121125
Africa:Senegal:Dakar,,,2002,,0.0098961627749541,0.0192559332475417,0.0039226839459422
Africa:Senegal:Dakar,,,2003,,0.0090823832548968,0.0170332904574528,0.0036792380060097
Africa:Senegal:Dakar,,,2004,,0.0082778063572198,0.0150733385159265,0.0035342302027473
Africa:Senegal:Dakar,0.0015547175101007,0.0015455828979687,2005,Senegal,0.0074691750167199,0.0136621794497076,0.0035388149602788
Africa:Senegal:Dakar,,,2006,,0.0076654100529465,0.0139067837632397,0.0033592646245645
Africa:Senegal:Dakar,,,2007,,0.007804429503091,0.0141171665125369,0.0033665874130924
Africa:Senegal:Dakar,,,2008,,0.0079108944568113,0.0141419944526691,0.0035093244461725
Africa:Senegal:Dakar,,,2009,,0.0079858287843824,0.0138187376939724,0.0038010892437195
Africa:Senegal:Dakar,0.0085051077214112,0.0051350147689174,2010,Senegal,0.0080220768083112,0.0132036388017259,0.0043279497761555
Africa:Senegal:Dakar,,,2011,,0.0086814383563835,0.0144472931273106,0.0046166808705416
Africa:Senegal:Dakar,0.0059724352994309,0.0058370214538386,2012,Senegal,0.0093163476976534,0.015307047243059,0.0052477415660503
Africa:Senegal:Dakar,,,2013,,0.0093746153061204,0.0159218264130209,0.0051632489584891
Africa:Senegal:Dakar,0.0107443816481919,0.0105656973042068,2014,Senegal,0.0094331453905588,0.0152782292592345,0.0054068904181362
Africa:Senegal:Dakar,0.0,0.0,2015,Senegal,0.0091079007307207,0.0146141807008133,0.0051171660117988
Africa:Senegal:Dakar,0.0,0.0,2016,Senegal,0.0091464597743549,0.0145801464164048,0.0052588883382476
Africa:Senegal:Dakar,0.0072929287901002,0.0035750586571856,2017,Senegal,0.0086325749773172,0.0135501626835055,0.0049494622088843
Africa:Senegal:Dakar,0.0,0.0,2018,Senegal,0.0095763753724138,0.0155667761535091,0.0055032666655056
Africa:Senegal:Dakar,0.0,0.0,2019,Senegal,0.0100950465937439,0.0177470217053439,0.0055910520348111
Africa:Senegal:Dakar,,,2020,,0.0100730244981514,0.020541146687203,0.0049759012642673
Africa:Senegal:Dakar,,,2021,,0.0100660797666003,0.0230930753046597,0.0044932946416457
Africa:Senegal:Dakar,,,2022,,0.0100628619116802,0.025567612405723,0.0040971156594171
Africa:Senegal:Dakar,,,2023,,0.0100606260932541,0.0279847279443372,0.003770027088946
Africa:Senegal:Dakar,,,2024,,0.0100597735827982,0.0303749528225893,0.0034881682381841
Africa:Senegal:Dakar,,,2025,,0.0100585256694438,0.032757047746484,0.0032422471578239
Africa:Senegal:Sédhiou,,,1990,,0.0282577101609458,0.0847978018937506,0.0122107247565187
Africa:Senegal:Sédhiou,,,1991,,0.0284387853922999,0.0773569408465948,0.0129945023679681
Africa:Senegal:Sédhiou,,,1992,,0.0286721184207666,0.0696257196131795,0.0138300160622694
Africa:Senegal:Sédhiou,0.1,0.0,1993,Senegal,0.0290540456869804,0.0614391316409791,0.0146489096420018
Africa:Senegal:Sédhiou,,,1994,,0.0263340119515503,0.0612342069122546,0.0132704980454313
Africa:Senegal:Sédhiou,,,1995,,0.0240684856060408,0.059296625968328,0.0118444613915431
Africa:Senegal:Sédhiou,,,1996,,0.0220946423257916,0.0562786193016746,0.0105188556582993
Africa:Senegal:Sédhiou,,,1997,,0.0203429263260044,0.052532776776582,0.0093285067910854
Africa:Senegal:Sédhiou,,,1998,,0.0187707123088903,0.0483550998690946,0.0083004366691957
Africa:Senegal:Sédhiou,,,1999,,0.0173465884945985,0.0439289088962169,0.0074422547958525
Africa:Senegal:Sédhiou,,,2000,,0.0160437820339929,0.039425156005895,0.0067363717234158
Africa:Senegal:Sédhiou,,,2001,,0.0148404049898034,0.0349706036971731,0.0061698545967683
Africa:Senegal:Sédhiou,,,2002,,0.0137192691864937,0.0307115165211267,0.0057292270050764
Africa:Senegal:Sédhiou,,,2003,,0.0126646074513208,0.0268022983321457,0.0054113107654999
Africa:Senegal:Sédhiou,,,2004,,0.0116558778800568,0.0233902378365293,0.0052253934920736
Africa:Senegal:Sédhiou,0.0,0.0,2005,Senegal,0.0106404265818572,0.0204851127463004,0.0052434107435077
Africa:Senegal:Sédhiou,,,2006,,0.010854574647154,0.0211365133490331,0.0050329625387023
Africa:Senegal:Sédhiou,,,2007,,0.0110010116097852,0.0215336961246042,0.0050684096807542
Africa:Senegal:Sédhiou,,,2008,,0.0111169460728883,0.0215398606627436,0.0052981547548391
Africa:Senegal:Sédhiou,,,2009,,0.0112111176455826,0.0210478727032754,0.0057473797427249
Africa:Senegal:Sédhiou,0.0089233951197336,0.0086859614111746,2010,Senegal,0.011270411522669,0.0199318635906424,0.0065588960181832
Africa:Senegal:Sédhiou,,,2011,,0.0120975040584648,0.0220635109601065,0.0070296322216781
Africa:Senegal:Sédhiou,0.025472981960688,0.0133879847187322,2012,Senegal,0.0129743380544089,0.0233225146506534,0.0079837705830809
Africa:Senegal:Sédhiou,,,2013,,0.0130218940785657,0.0247043169330328,0.0077406602705344
Africa:Senegal:Sédhiou,0.0,0.0,2014,Senegal,0.013111108205875,0.0242754776192862,0.0079617156881009
Africa:Senegal:Sédhiou,0.0,0.0,2015,Senegal,0.0126555301284318,0.0233667506904326,0.0075154340629837
Africa:Senegal:Sédhiou,0.0,0.0,2016,Senegal,0.0127102434158645,0.0237009638981066,0.007596492072872
Africa:Senegal:Sédhiou,0.007676174541451,0.0079330088389867,2017,Senegal,0.012046083986311,0.0217829903487437,0.0071301733311915
Africa:Senegal:Sédhiou,0.0138374858662637,0.0128370614684199,2018,Senegal,0.0133310120926269,0.0247661102324253,0.0080426287060066
Africa:Senegal:Sédhiou,0.0,0.0,2019,Senegal,0.0140818158686498,0.0276667234186704,0.0081943993212612
Africa:Senegal:Sédhiou,,,2020,,0.0140085578688465,0.0317110805802384,0.0073711293784433
Africa:Senegal:Sédhiou,,,2021,,0.0139735272546114,0.0354600640342978,0.0066849425391416
Africa:Senegal:Sédhiou,,,2022,,0.0139498608234514,0.0390243764382656,0.0061112342440124
Africa:Senegal:Sédhiou,,,2023,,0.0139304247975854,0.0424629250555292,0.0056279666866915
Africa:Senegal:Sédhiou,,,2024,,0.0139172332099122,0.0459229248722114,0.0052169648429957
Africa:Senegal:Sédhiou,,,2025,,0.0139068482153285,0.0493415771263471,0.0048517038057819
Africa:Senegal:Tambacounda,,,1990,,0.0248300350909857,0.0724394359931297,0.0111063882670717
Africa:Senegal:Tambacounda,,,1991,,0.0249922772845684,0.0659200604967623,0.0118918112658891
Africa:Senegal:Tambacounda,,,1992,,0.0252096308329098,0.0589853028000523,0.0127427038569867
Africa:Senegal:Tambacounda,0.0,0.0,1993,Senegal,0.0255905848050366,0.0514653159887653,0.0135869979602329
Africa:Senegal:Tambacounda,,,1994,,0.0231676129587142,0.0517039613635627,0.0122014789614866
Africa:Senegal:Tambacounda,,,1995,,0.0211881131543943,0.0502383778947516,0.0107877832954451
Africa:Senegal:Tambacounda,,,1996,,0.0194755071698369,0.0477226659565113,0.0095000691745504
Africa:Senegal:Tambacounda,,,1997,,0.0179594831121466,0.0445599888482778,0.0083755701384736
Africa:Senegal:Tambacounda,,,1998,,0.0165993471365829,0.0410027650937908,0.0074312131508482
Africa:Senegal:Tambacounda,,,1999,,0.0153622751846712,0.0372032272188367,0.0066543091428159
Africa:Senegal:Tambacounda,,,2000,,0.0142241404462184,0.0333575966074906,0.0060159760508084
Africa:Senegal:Tambacounda,,,2001,,0.0131668411788303,0.0295263293977311,0.0055102922952886
Africa:Senegal:Tambacounda,,,2002,,0.0121740430361199,0.025843962278349,0.0051170140860998
Africa:Senegal:Tambacounda,,,2003,,0.0112302832473842,0.0224660993285043,0.0048320222532317
Africa:Senegal:Tambacounda,,,2004,,0.0103149480084912,0.0195590126120298,0.0046745935426861
Africa:Senegal:Tambacounda,0.00843331591515,0.0081538177758438,2005,Senegal,0.0093786465738681,0.0171535952242092,0.0047133874532143
Africa:Senegal:Tambacounda,,,2006,,0.0095918842879993,0.0177523834243527,0.0044857391351332
Africa:Senegal:Tambacounda,,,2007,,0.0097344142322835,0.0181594365367833,0.0044970915567564
Africa:Senegal:Tambacounda,,,2008,,0.0098443203171481,0.0182331182041229,0.0046837622705251
Africa:Senegal:Tambacounda,,,2009,,0.0099300389657902,0.0178643933526912,0.0050663203808222
Africa:Senegal:Tambacounda,0.0,0.0,2010,Senegal,0.0099775480142986,0.0169424098811095,0.0057678354909351
Africa:Senegal:Tambacounda,,,2011,,0.0107150269882524,0.0188851863575913,0.0061693960829059
Africa:Senegal:Tambacounda,0.0167928059502889,0.0152215826491674,2012,Senegal,0.0114648891527844,0.0200842730116117,0.0070224719255439
Africa:Senegal:Tambacounda,,,2013,,0.0115223148233631,0.0209250448532063,0.0069070515905629
Africa:Senegal:Tambacounda,0.0199399144780404,0.0116572998091841,2014,Senegal,0.0116116912550006,0.0200704679578136,0.0072318747866527
Africa:Senegal:Tambacounda,0.0,0.0,2015,Senegal,0.0112159758269751,0.019413993764345,0.0067883200058589
Africa:Senegal:Tambacounda,0.0,0.0,2016,Senegal,0.0112605211176246,0.0197394887552921,0.0068599839872869
Africa:Senegal:Tambacounda,0.0,0.0,2017,Senegal,0.0106768536636297,0.0182063100340471,0.0063924555628569
Africa:Senegal:Tambacounda,0.0,0.0,2018,Senegal,0.0117869917841007,0.0209920604575592,0.0071822442108626
Africa:Senegal:Tambacounda,0.0,0.0,2019,Senegal,0.0124267911882288,0.0237322830961819,0.0072912969803328
Africa:Senegal:Tambacounda,,,2020,,0.0123719212224445,0.0273282841337632,0.0065174727275524
Africa:Senegal:Tambacounda,,,2021,,0.012347208989238,0.0305939808991885,0.0058932389153461
Africa:Senegal:Tambacounda,,,2022,,0.0123314957776217,0.0336881377782342,0.0053795690874723
Africa:Senegal:Tambacounda,,,2023,,0.012319006343212,0.0367514451756885,0.0049489385813165
Africa:Senegal:Tambacounda,,,2024,,0.0123115267184547,0.0397654745431463,0.0045825272384958
Africa:Senegal:Tambacounda,,,2025,,0.0123042270717134,0.0427654931039514,0.004262425107944
Africa:Senegal:Thiès,,,1990,,0.0215044787787396,0.0580394220405763,0.0099439759857867
Africa:Senegal:Thiès,,,1991,,0.0216383537614099,0.0523376379333626,0.0107435816418
Africa:Senegal:Thiès,,,1992,,0.0218274914533955,0.0462108088521441,0.0116319904418377
Africa:Senegal:Thiès,0.0283018867924528,0.0145502285323041,1993,Senegal,0.0221934549762225,0.0392105568785237,0.0125639547492055
Africa:Senegal:Thiès,,,1994,,0.0200876744687194,0.0404200829405106,0.0110706410763595
Africa:Senegal:Thiès,,,1995,,0.0184064997990002,0.0397636179310076,0.009621947964217
Africa:Senegal:Thiès,,,1996,,0.0169527222006645,0.0380605387578632,0.008346327844666
Africa:Senegal:Thiès,,,1997,,0.0156606635435547,0.0357124487104997,0.0072885670240325
Africa:Senegal:Thiès,,,1998,,0.0144902510363393,0.0329745086342148,0.0064099050935152
Africa:Senegal:Thiès,,,1999,,0.0134167107494516,0.0299765049190415,0.0056980881496656
Africa:Senegal:Thiès,,,2000,,0.012419691033354,0.0268765928280877,0.0051255139789757
Africa:Senegal:Thiès,,,2001,,0.0114842991140382,0.0238197967705805,0.0046715041097396
Africa:Senegal:Thiès,,,2002,,0.0105993739494132,0.0209622331575873,0.0043200512400458
Africa:Senegal:Thiès,,,2003,,0.0097472861766723,0.0183670940775242,0.0040659082014177
Africa:Senegal:Thiès,,,2004,,0.0089101784005343,0.0161160768672769,0.0039215472666183
Africa:Senegal:Thiès,0.0069332195962854,0.0066153323099589,2005,Senegal,0.0080557134387627,0.0143744374530182,0.0039453134126319
Africa:Senegal:Thiès,,,2006,,0.0082614852559756,0.014762705275433,0.0037349568796382
Africa:Senegal:Thiès,,,2007,,0.0084026040663727,0.0150621025364734,0.0037343239528704
Africa:Senegal:Thiès,,,2008,,0.00851093533869,0.0151227268541825,0.0038838563859071
Africa:Senegal:Thiès,,,2009,,0.0085906711903952,0.0147867687420325,0.0041917108486923
Africa:Senegal:Thiès,0.0,0.0,2010,Senegal,0.0086343078838734,0.0140503437248117,0.0047538488078606
Africa:Senegal:Thiès,,,2011,,0.0093095894198762,0.0155581045107204,0.0050822637998863
Africa:Senegal:Thiès,0.0,0.0,2012,Senegal,0.0099702856664444,0.0165530424411949,0.0057850518982934
Africa:Senegal:Thiès,,,2013,,0.0100210101944159,0.0171837402580158,0.0057242038775722
Africa:Senegal:Thiès,0.0,0.0,2014,Senegal,0.0100859912115414,0.0163698420647399,0.0060265111636106
Africa:Senegal:Thiès,0.0066993489709741,0.0065885416540242,2015,Senegal,0.009738804891034,0.0154467558696351,0.0057779391055639
Africa:Senegal:Thiès,0.016132968310006,0.0095559015706491,2016,Senegal,0.0097783259616602,0.0153517093449249,0.0059657151677566
Africa:Senegal:Thiès,0.0049404157295946,0.0034345532047099,2017,Senegal,0.0092486823461856,0.0142488171115598,0.0055523825973308
Africa:Senegal:Thiès,0.0,0.0,2018,Senegal,0.0102334964802222,0.0165360389917258,0.0061763118248485
Africa:Senegal:Thiès,0.0043508616793758,0.0045770922507248,2019,Senegal,0.0107790243825749,0.0189357376270148,0.0062600495301948
Africa:Senegal:Thiès,,,2020,,0.010740969231546,0.022059518795787,0.0055635185986173
Africa:Senegal:Thiès,,,2021,,0.0107250810510288,0.0248650846225732,0.0050143656978772
Africa:Senegal:Thiès,,,2022,,0.0107154011713204,0.0275300997569405,0.0045668802367744
Africa:Senegal:Thiès,,,2023,,0.0107083982918484,0.0301409329160612,0.0041971472020798
Africa:Senegal:Thiès,,,2024,,0.0107038669550609,0.0327319301859792,0.0038789322787055
Africa:Senegal:Thiès,,,2025,,0.0106996605374093,0.0353179022915542,0.0036040704659679
Africa:Senegal:Ziguinchor,,,1990,,0.0279642171410057,0.0815492620614023,0.0123184934203896
Africa:Senegal:Ziguinchor,,,1991,,0.028159798121467,0.0741581216223567,0.0131261091616053
Africa:Senegal:Ziguinchor,,,1992,,0.028414339362811,0.0663343783697082,0.0139727893301954
Africa:Senegal:Ziguinchor,0.0512820512820512,0.0382196144803515,1993,Senegal,0.0288418416208736,0.0579824601693697,0.0147984746175969
Africa:Senegal:Ziguinchor,,,1994,,0.0261045963047736,0.0581427351122298,0.0134142304254608
Africa:Senegal:Ziguinchor,,,1995,,0.0238504428922332,0.0565182925540034,0.0119699775007747
Africa:Senegal:Ziguinchor,,,1996,,0.0218926445791142,0.0537251579440589,0.0106187204436328
Africa:Senegal:Ziguinchor,,,1997,,0.020159995338464,0.0501545317159852,0.0094062455220743
Africa:Senegal:Ziguinchor,,,1998,,0.0186065158983404,0.0461391540229067,0.0083621943896728
Africa:Senegal:Ziguinchor,,,1999,,0.0171982483371622,0.0418697553712241,0.0074940057483396
Africa:Senegal:Ziguinchor,,,2000,,0.0159090688119465,0.0374681121856596,0.0067795146169248
Africa:Senegal:Ziguinchor,,,2001,,0.0147188949403136,0.0331320565979428,0.0062099817319566
Africa:Senegal:Ziguinchor,,,2002,,0.0136078016917078,0.0290052617688931,0.0057715567353566
Africa:Senegal:Ziguinchor,,,2003,,0.0125587684481775,0.0251596071253697,0.0054553874146493
Africa:Senegal:Ziguinchor,,,2004,,0.0115508203578463,0.0218407247290666,0.0052802785321825
Africa:Senegal:Ziguinchor,0.0111225204252363,0.0073980491296358,2005,Senegal,0.0105303775464274,0.0190501351548183,0.0053224355691148
Africa:Senegal:Ziguinchor,,,2006,,0.0107486692710482,0.0197380715086274,0.0050754857843926
Africa:Senegal:Ziguinchor,,,2007,,0.0108939688389795,0.0201822797079441,0.0050938303230107
Africa:Senegal:Ziguinchor,,,2008,,0.0110088790354031,0.0202478401497873,0.0053123438959112
Africa:Senegal:Ziguinchor,,,2009,,0.0111004745750232,0.019814170201878,0.005754657733418
Africa:Senegal:Ziguinchor,0.0065196785559861,0.0043871886389329,2010,Senegal,0.0111578017075107,0.0187491230796118,0.0065615942911218
Africa:Senegal:Ziguinchor,,,2011,,0.0119737617244869,0.0210006479196712,0.0069857110860098
Africa:Senegal:Ziguinchor,0.0111495473462829,0.0102859459820623,2012,Senegal,0.012827080227111,0.0224586513328955,0.0079025728639719
Africa:Senegal:Ziguinchor,,,2013,,0.0128851837715667,0.0236417868450643,0.0077121442337976
Africa:Senegal:Ziguinchor,0.0127756048483597,0.0128472657469356,2014,Senegal,0.012984428020688,0.022949915258361,0.0079874474402734
Africa:Senegal:Ziguinchor,0.0085479249822742,0.0085253900745468,2015,Senegal,0.0125430960155348,0.0219430123611084,0.0075682479172879
Africa:Senegal:Ziguinchor,0.0,0.0,2016,Senegal,0.0126027593851392,0.0222696478355015,0.0076440017942612
Africa:Senegal:Ziguinchor,0.0050660533626165,0.005063394417206,2017,Senegal,0.0119520230495172,0.020352370107898,0.0071807282702126
Africa:Senegal:Ziguinchor,0.0,0.0,2018,Senegal,0.0132215362911414,0.0232896811060073,0.0081144796639215
Africa:Senegal:Ziguinchor,0.0286655789741535,0.0147359718411487,2019,Senegal,0.0139770994647392,0.0257816955450078,0.0083522784676231
Africa:Senegal:Ziguinchor,,,2020,,0.0138872109922357,0.0299305103322564,0.0074854955157505
Africa:Senegal:Ziguinchor,,,2021,,0.0138442097508526,0.0336784026319748,0.0067728895525782
Africa:Senegal:Ziguinchor,,,2022,,0.013813763292284,0.0372524754557583,0.0061764801189668
Africa:Senegal:Ziguinchor,,,2023,,0.0137935208054646,0.0406860674410517,0.0056774926726007
Africa:Senegal:Ziguinchor,,,2024,,0.0137758857975096,0.044120370586565,0.0052567496797743
Africa:Senegal:Ziguinchor,,,2025,,0.0137628011972857,0.0475311182673662,0.0048807077858987
Africa:Senegal:Kédougou,,,1990,,0.0242342155905991,0.0753177073534122,0.0100471948349821
Africa:Senegal:Kédougou,,,1991,,0.0243722647722253,0.0689936019334308,0.0107439110659481
Africa:Senegal:Kédougou,,,1992,,0.0245561266715577,0.0624200854481859,0.0115095616591747
Africa:Senegal:Kédougou,0.5,0.0,1993,Senegal,0.0248825580736665,0.0557258838703426,0.012280423793121
Africa:Senegal:Kédougou,,,1994,,0.022573123117329,0.0550556639691137,0.010947754335317
Africa:Senegal:Kédougou,,,1995,,0.0206698760966058,0.0531614872237274,0.0096424744767832
Africa:Senegal:Kédougou,,,1996,,0.0190106124662569,0.0503240769295829,0.0084855910740285
Africa:Senegal:Kédougou,,,1997,,0.0175352816090037,0.0469160548384933,0.0075077192533928
Africa:Senegal:Kédougou,,,1998,,0.0162068881633922,0.0431529575806736,0.0066800417465729
Africa:Senegal:Kédougou,,,1999,,0.0149946992711968,0.0392435180864782,0.0059999048023774
Africa:Senegal:Kédougou,,,2000,,0.0138789018631555,0.0352696311043378,0.0054372446901666
Africa:Senegal:Kédougou,,,2001,,0.0128423841169452,0.031374805810893,0.0049824543978393
Africa:Senegal:Kédougou,,,2002,,0.0118703534522111,0.0276824925157349,0.0046244218613498
Africa:Senegal:Kédougou,,,2003,,0.0109483458361546,0.0242709061778352,0.004357677672963
Africa:Senegal:Kédougou,,,2004,,0.010058079138654,0.0212367804667143,0.0041934728296209
Africa:Senegal:Kédougou,0.0,0.0,2005,Senegal,0.0091600084169712,0.0187158211601698,0.0041831959818546
Africa:Senegal:Kédougou,,,2006,,0.0093559134661154,0.019267076758079,0.0040118344101479
Africa:Senegal:Kédougou,,,2007,,0.0094932639139466,0.0196689460316929,0.0040288960004129
Africa:Senegal:Kédougou,,,2008,,0.00960265285786,0.0197253658495059,0.0041871469003363
Africa:Senegal:Kédougou,,,2009,,0.0096922597785863,0.01935411449824,0.0045007616292851
Africa:Senegal:Kédougou,0.0127151759754189,0.0124935797165834,2010,Senegal,0.0097533185066916,0.0185063127354182,0.005053203678645
Africa:Senegal:Kédougou,,,2011,,0.0104734467640943,0.0206054209175513,0.0053609079174338
Africa:Senegal:Kédougou,0.0,0.0,2012,Senegal,0.0112091542318915,0.0221035768898514,0.006001685444136
Africa:Senegal:Kédougou,,,2013,,0.0112561507871634,0.0229904239283177,0.0059106277651305
Africa:Senegal:Kédougou,0.0,0.0,2014,Senegal,0.0113351537037502,0.022443544207444,0.006136544289107
Africa:Senegal:Kédougou,0.0,0.0,2015,Senegal,0.0109492977025366,0.0215961592590987,0.0058164536524296
Africa:Senegal:Kédougou,0.0,0.0,2016,Senegal,0.0109904621959036,0.0218804088520343,0.0059055401573819
Africa:Senegal:Kédougou,0.0,0.0,2017,Senegal,0.0104199687184861,0.0202636035712313,0.0055342607878509
Africa:Senegal:Kédougou,0.0,0.0,2018,Senegal,0.0115102447807017,0.0230957912060494,0.0061965418748769
Africa:Senegal:Kédougou,0.0,0.0,2019,Senegal,0.0121382610053427,0.0256687903578514,0.0063375989263527
Africa:Senegal:Kédougou,,,2020,,0.0120848190522817,0.0289998183530374,0.0057429683483785
Africa:Senegal:Kédougou,,,2021,,0.0120620591045461,0.0321236585473912,0.0052508022359999
Africa:Senegal:Kédougou,,,2022,,0.0120475453449155,0.0351938694274928,0.0048373927267304
Africa:Senegal:Kédougou,,,2023,,0.0120374741910099,0.0382140636573183,0.0044849436013813
Africa:Senegal:Kédougou,,,2024,,0.0120292198694788,0.041180660312276,0.0041760439543376
Africa:Senegal:Kédougou,,,2025,,0.012023814272996,0.0441968102872454,0.0039035709422821
Africa:Senegal:Kolda,,,1990,,0.0279519373587337,0.0817221003097924,0.0124138735737176
Africa:Senegal:Kolda,,,1991,,0.0281432483988563,0.0743973003315583,0.0132313178857299
Africa:Senegal:Kolda,,,1992,,0.02839454925821,0.0666132660116004,0.0141048845737867
Africa:Senegal:Kolda,0.0869565217391304,0.0565916272698618,1993,Senegal,0.0288119739770793,0.0582504484593847,0.0149448233698265
Africa:Senegal:Kolda,,,1994,,0.0260737377489897,0.0584933518331701,0.0135371444040624
Africa:Senegal:Kolda,,,1995,,0.0238145526306182,0.0568512281999599,0.0120744793860077
Africa:Senegal:Kolda,,,1996,,0.0218541104567043,0.0540192619927134,0.0106970399984542
Africa:Senegal:Kolda,,,1997,,0.0201187074872143,0.0504653942096334,0.0094601748284504
Africa:Senegal:Kolda,,,1998,,0.0185654726586794,0.0464621304640757,0.008399817138969
Africa:Senegal:Kolda,,,1999,,0.0171574834965076,0.0422507061212646,0.0075174620062816
Africa:Senegal:Kolda,,,2000,,0.0158680592583962,0.037888683071536,0.0068044749748006
Africa:Senegal:Kolda,,,2001,,0.0146761851001733,0.0335940898983026,0.0062273362442922
Africa:Senegal:Kolda,,,2002,,0.013564164426345,0.0294729872517954,0.0057816550266568
Africa:Senegal:Kolda,,,2003,,0.012514310294783,0.0256512166786594,0.0054633151853671
Africa:Senegal:Kolda,,,2004,,0.0115080935327408,0.0223903674865209,0.0052842013694327
Africa:Senegal:Kolda,0.0106212768942832,0.0101882684204824,2005,Senegal,0.0104889043829742,0.0196439371532724,0.0053185150875129
Africa:Senegal:Kolda,,,2006,,0.0107061125063393,0.0202907209131261,0.0050852662977011
Africa:Senegal:Kolda,,,2007,,0.0108504917263043,0.020682526621936,0.0051127066823852
Africa:Senegal:Kolda,,,2008,,0.0109629700679735,0.0207134130316556,0.0053349384385519
Africa:Senegal:Kolda,,,2009,,0.0110521292257605,0.0202617357893725,0.0057858574994636
Africa:Senegal:Kolda,0.0126029441169537,0.0072522493798325,2010,Senegal,0.0111041996820143,0.0191896881871959,0.0066106032152531
Africa:Senegal:Kolda,,,2011,,0.0119135556023731,0.0214967822136401,0.006999040534299
Africa:Senegal:Kolda,0.0,0.0,2012,Senegal,0.0127532366262738,0.0230614380997587,0.0078876288710887
Africa:Senegal:Kolda,,,2013,,0.0128113630049708,0.0241941006624216,0.0077015261710215
Africa:Senegal:Kolda,0.0,0.0,2014,Senegal,0.0129072509630242,0.0234888912286536,0.0079853877112381
Africa:Senegal:Kolda,0.0109595763759708,0.0114465636137636,2015,Senegal,0.0124657855307206,0.0224842360648722,0.0075678305583114
Africa:Senegal:Kolda,0.0,0.0,2016,Senegal,0.0125193465500253,0.022826622721362,0.0076452924483293
Africa:Senegal:Kolda,0.0,0.0,2017,Senegal,0.011866682174429,0.021015622324862,0.0071655180133135
Africa:Senegal:Kolda,0.0129059093085301,0.0128156252080783,2018,Senegal,0.0131294537485059,0.0238779178041167,0.008088183149614
Africa:Senegal:Kolda,0.0200895036156738,0.0187041103981425,2019,Senegal,0.0138681998054385,0.0266890728929483,0.0082402264095292
Africa:Senegal:Kolda,,,2020,,0.0137963981722311,0.0307183666361895,0.0073838054530038
Africa:Senegal:Kolda,,,2021,,0.0137624091347095,0.0343843015013444,0.006682451989084
Africa:Senegal:Kolda,,,2022,,0.0137405120341725,0.0378725241453484,0.0060979075668739
Africa:Senegal:Kolda,,,2023,,0.0137229025512024,0.0412642138490674,0.0056065306179671
Africa:Senegal:Kolda,,,2024,,0.0137112278799341,0.044621707366695,0.0051885734554248
Africa:Senegal:Kolda,,,2025,,0.0137026097147758,0.0479515718781037,0.0048243524933125
Africa:Senegal:Louga,,,1990,,0.0218467463809202,0.0624874063470171,0.0092628844068856
Africa:Senegal:Louga,,,1991,,0.0219781855157341,0.05671911556824,0.0099433075518971
Africa:Senegal:Louga,,,1992,,0.0221654899731254,0.0506381010477491,0.0107157181221149
Africa:Senegal:Louga,0.0,0.0,1993,Senegal,0.0225133321551015,0.0438331439075656,0.0115029879188787
Africa:Senegal:Louga,,,1994,,0.0204044527861244,0.0444335079232371,0.0101633366498804
Africa:Senegal:Louga,,,1995,,0.0186971306310898,0.0433027815535613,0.0088873398859601
Africa:Senegal:Louga,,,1996,,0.0172156348191018,0.0412298682352649,0.0077872713133681
Africa:Senegal:Louga,,,1997,,0.0158963480492721,0.0385638775481456,0.0068624909831499
Africa:Senegal:Louga,,,1998,,0.0147020010242379,0.0355280112264244,0.0060980388454303
Africa:Senegal:Louga,,,1999,,0.0136075060748555,0.0322617389883597,0.0054681454949485
Africa:Senegal:Louga,,,2000,,0.0125927124885627,0.0289680878962454,0.0049465987218386
Africa:Senegal:Louga,,,2001,,0.0116426968539104,0.0256959180860436,0.004527705080283
Africa:Senegal:Louga,,,2002,,0.0107462020339426,0.022588934021506,0.0041972413945286
Africa:Senegal:Louga,,,2003,,0.0098886695178014,0.0197875210284661,0.0039528446070945
Africa:Senegal:Louga,,,2004,,0.0090542334621607,0.0173436717246236,0.0038075311159807
Africa:Senegal:Louga,0.0,0.0,2005,Senegal,0.008205995479509,0.0153398379511928,0.0038147196643025
Africa:Senegal:Louga,,,2006,,0.0084052019462126,0.0158351073764559,0.0036294467681356
Africa:Senegal:Louga,,,2007,,0.0085441765970676,0.0161861276623857,0.0036324312020056
Africa:Senegal:Louga,,,2008,,0.0086543116295865,0.0162410209362877,0.0037683003767107
Africa:Senegal:Louga,,,2009,,0.0087424824680172,0.0159079350052988,0.0040486686306477
Africa:Senegal:Louga,0.0,0.0,2010,Senegal,0.008800700502566,0.0151175378899406,0.0045415519809629
Africa:Senegal:Louga,,,2011,,0.0094816455499421,0.0168137542581898,0.0048311573397126
Africa:Senegal:Louga,0.0,0.0,2012,Senegal,0.0101625740579293,0.0179407188931308,0.0054271259959255
Africa:Senegal:Louga,,,2013,,0.0102111922842431,0.0186562466544632,0.005370251841687
Africa:Senegal:Louga,0.0,0.0,2014,Senegal,0.0102845321384006,0.0179051846083405,0.0056019552121798
Africa:Senegal:Louga,0.0,0.0,2015,Senegal,0.0099325004739416,0.017058332041666,0.0053485934235577
Africa:Senegal:Louga,0.0,0.0,2016,Senegal,0.0099739471426743,0.0171065471591652,0.0054665323707552
Africa:Senegal:Louga,0.0,0.0,2017,Senegal,0.0094406569890153,0.0157676517181688,0.0051399668391639
Africa:Senegal:Louga,0.0,0.0,2018,Senegal,0.0104392553550798,0.0181840212937026,0.0057221664911207
Africa:Senegal:Louga,0.0,0.0,2019,Senegal,0.0109947352484985,0.0206733593384894,0.0058234246219758
Africa:Senegal:Louga,,,2020,,0.0109438445981482,0.0238076576986875,0.0052574399417258
Africa:Senegal:Louga,,,2021,,0.0109198387791363,0.0266436305386596,0.0047944430604378
Africa:Senegal:Louga,,,2022,,0.0109043521512228,0.0293791898885047,0.0044089373571643
Africa:Senegal:Louga,,,2023,,0.0108929158386521,0.0320424979229078,0.0040781052444841
Africa:Senegal:Louga,,,2024,,0.0108845038160074,0.0346995176213703,0.0037937037681893
Africa:Senegal:Louga,,,2025,,0.0108769746344592,0.037360809067591,0.0035382154956707
Africa:Senegal:Matam,,,1990,,0.0213444009010275,0.0603568674062149,0.0089424597027924
Africa:Senegal:Matam,,,1991,,0.0214831675295646,0.0546413956851002,0.0095754562785649
Africa:Senegal:Matam,,,1992,,0.0216757954784773,0.0485457510683559,0.0102934159523022
Africa:Senegal:Matam,0.0,0.0,1993,Senegal,0.0220350959392775,0.04178807132118,0.0110126127210907
Africa:Senegal:Matam,,,1994,,0.0199580392179472,0.0424669265356896,0.0097779431025027
Africa:Senegal:Matam,,,1995,,0.0182820939060686,0.0414792665449691,0.0085896770117505
Africa:Senegal:Matam,,,1996,,0.0168286771116097,0.039529026165216,0.0075662025614672
Africa:Senegal:Matam,,,1997,,0.0155352360444406,0.0369703413382768,0.0066934799946365
Africa:Senegal:Matam,,,1998,,0.0143638856825913,0.0340246751688625,0.0059686342737563
Africa:Senegal:Matam,,,1999,,0.0132891218154257,0.0308367467188301,0.0053601723157943
Africa:Senegal:Matam,,,2000,,0.012292917102347,0.0276082795335606,0.0048608249896854
Africa:Senegal:Matam,,,2001,,0.0113617210849408,0.0243969010356155,0.004451612873445
Africa:Senegal:Matam,,,2002,,0.0104802029627823,0.0213680466868776,0.0041313975707908
Africa:Senegal:Matam,,,2003,,0.0096392442910514,0.0186567118861301,0.0038975710921305
Africa:Senegal:Matam,,,2004,,0.0088203773849483,0.0162840917256504,0.0037620579523368
Africa:Senegal:Matam,0.0050127330434468,0.0048387519476752,2005,Senegal,0.0079889385577105,0.0143855687783653,0.0037775450403506
Africa:Senegal:Matam,,,2006,,0.0081834051613158,0.0148331470206856,0.0035892019415219
Africa:Senegal:Matam,,,2007,,0.008320869109175,0.0151816321717208,0.0035896538210795
Africa:Senegal:Matam,,,2008,,0.0084306105929928,0.015236160002046,0.0037241336771156
Africa:Senegal:Matam,,,2009,,0.0085191261879091,0.0149000516838563,0.0039985923261926
Africa:Senegal:Matam,0.0023611717371703,0.0024110108678812,2010,Senegal,0.0085799902601569,0.014103479885559,0.0044846840608137
Africa:Senegal:Matam,,,2011,,0.0092561940288191,0.0157699793370004,0.0047487720928047
Africa:Senegal:Matam,0.0,0.0,2012,Senegal,0.0099332059897483,0.01688587324474,0.0053001007842343
Africa:Senegal:Matam,,,2013,,0.009981582778876,0.0176113582728012,0.0052369542526066
Africa:Senegal:Matam,0.0,0.0,2014,Senegal,0.0100584082226964,0.0168789350014094,0.0054425660246025
Africa:Senegal:Matam,0.0,0.0,2015,Senegal,0.0097130128551584,0.0160700034475547,0.0051949956044859
Africa:Senegal:Matam,0.0,0.0,2016,Senegal,0.0097572911165265,0.0161252607744705,0.005300947250675
Africa:Senegal:Matam,0.0,0.0,2017,Senegal,0.0092327362104935,0.0147861804193247,0.0050019804023514
Africa:Senegal:Matam,0.0,0.0,2018,Senegal,0.0102109458266342,0.017097885967273,0.0055713861866631
Africa:Senegal:Matam,0.0090828557004934,0.0086221154690748,2019,Senegal,0.0107492441476489,0.0194381474599142,0.0057021544173488
Africa:Senegal:Matam,,,2020,,0.0106897138176225,0.0225735552401691,0.0051597091088079
Africa:Senegal:Matam,,,2021,,0.0106602329538489,0.0254139058980952,0.004709952038872
Africa:Senegal:Matam,,,2022,,0.0106398511464162,0.0281324089442516,0.0043333093855535
Africa:Senegal:Matam,,,2023,,0.0106247498672336,0.0307705738804113,0.0040105717859519
Africa:Senegal:Matam,,,2024,,0.0106123609398051,0.0333860790427072,0.0037297861839486
Africa:Senegal:Matam,,,2025,,0.0106027068964714,0.035998440909965,0.003481343734539
Africa:Senegal:Saint-Louis,,,1990,,0.0209588706090585,0.0600755918971364,0.0083774254020839
Africa:Senegal:Saint-Louis,,,1991,,0.0210894406611685,0.0544326233620669,0.0089616721433135
Africa:Senegal:Saint-Louis,,,1992,,0.021270785634597,0.0485161378166724,0.0096174863389783
Africa:Senegal:Saint-Louis,0.0,0.0,1993,Senegal,0.0216081734151275,0.0419880687651197,0.0102702587337222
Africa:Senegal:Saint-Louis,,,1994,,0.0195965593226532,0.0425223196443999,0.009104220111425
Africa:Senegal:Saint-Louis,,,1995,,0.0179644768069267,0.041469481643869,0.0079866123715572
Africa:Senegal:Saint-Louis,,,1996,,0.0165447780339579,0.0394975610472759,0.0070314343148135
Africa:Senegal:Saint-Louis,,,1997,,0.0152764606211049,0.0369256141550579,0.0062297720518588
Africa:Senegal:Saint-Louis,,,1998,,0.0141250107566103,0.0339932968224399,0.0055598779304047
Africa:Senegal:Saint-Louis,,,1999,,0.013066825119636,0.0308781939911483,0.0049994515386484
Africa:Senegal:Saint-Louis,,,2000,,0.01208470797871,0.0276498551295717,0.0045383397194143
Africa:Senegal:Saint-Louis,,,2001,,0.0111654137862078,0.024488028116332,0.0041573718872072
Africa:Senegal:Saint-Louis,,,2002,,0.0102963281212902,0.0215314704511515,0.0038573176206875
Africa:Senegal:Saint-Louis,,,2003,,0.0094670699384971,0.0188509636881924,0.0036322496018714
Africa:Senegal:Saint-Louis,,,2004,,0.0086631699901558,0.0165306632869339,0.0034943872892436
Africa:Senegal:Saint-Louis,0.0,0.0,2005,Senegal,0.007851945333326,0.0146076819328532,0.0034847048911246
Africa:Senegal:Saint-Louis,,,2006,,0.0080388157606872,0.015065232924107,0.0033301305279504
Africa:Senegal:Saint-Louis,,,2007,,0.0081732701696032,0.0153842084110848,0.0033357828588127
Africa:Senegal:Saint-Louis,,,2008,,0.0082823014099221,0.0154247984095272,0.0034553330572085
Africa:Senegal:Saint-Louis,,,2009,,0.0083727108676346,0.0150768266907092,0.0037001037286672
Africa:Senegal:Saint-Louis,0.0045711337999035,0.0045468320989692,2010,Senegal,0.008439555762119,0.0142914680529288,0.0041143035163987
Africa:Senegal:Saint-Louis,,,2011,,0.0091072767356759,0.0159354782458687,0.0043556078942297
Africa:Senegal:Saint-Louis,0.0,0.0,2012,Senegal,0.009779429156902,0.0170599099921757,0.0048351821526351
Africa:Senegal:Saint-Louis,,,2013,,0.0098237838756368,0.0177470571004992,0.004792585901899
Africa:Senegal:Saint-Louis,0.0,0.0,2014,Senegal,0.0098976458252032,0.01705274384741,0.0049731046166894
Africa:Senegal:Saint-Louis,0.0,0.0,2015,Senegal,0.0095517526128871,0.016215893912755,0.0047688098357257
Africa:Senegal:Saint-Louis,0.0,0.0,2016,Senegal,0.0095930195544298,0.0162438639105344,0.0048724218647945
Africa:Senegal:Saint-Louis,0.0034396196758604,0.003446883829009,2017,Senegal,0.0090691565058791,0.0149087703179245,0.0046198891898356
Africa:Senegal:Saint-Louis,0.0,0.0,2018,Senegal,0.0100417100325527,0.0172827342360213,0.0050888461846092
Africa:Senegal:Saint-Louis,0.0,0.0,2019,Senegal,0.0105723264511145,0.0196896055215894,0.0051930287282112
Africa:Senegal:Saint-Louis,,,2020,,0.0105125538496633,0.0227147063276176,0.004741787461098
Africa:Senegal:Saint-Louis,,,2021,,0.0104823064942786,0.0254930031270928,0.0043590427374082
Africa:Senegal:Saint-Louis,,,2022,,0.0104609912335052,0.0281238592030463,0.004028575610917
Africa:Senegal:Saint-Louis,,,2023,,0.0104446508110255,0.030740446716482,0.0037449316091997
Africa:Senegal:Saint-Louis,,,2024,,0.0104315017149749,0.0333098026425621,0.0034953256763848
Africa:Senegal:Saint-Louis,,,2025,,0.0104210887788411,0.0358774305820991,0.0032722605918957
Africa:Senegal:Diourbel,,,1990,,0.0212611511157736,0.0598078571137134,0.0090697491881325
Africa:Senegal:Diourbel,,,1991,,0.0213957390426948,0.0541305408804501,0.009739701346132
Africa:Senegal:Diourbel,,,1992,,0.0215832829370628,0.048098654264157,0.0104802712755759
Africa:Senegal:Diourbel,0.0,0.0,1993,Senegal,0.0219347786593903,0.0413418771372204,0.0112469641257202
Africa:Senegal:Diourbel,,,1994,,0.0198720100520285,0.0420878176844371,0.0099640916624738
Africa:Senegal:Diourbel,,,1995,,0.0182078414198617,0.0411220927161854,0.0087276411751472
Africa:Senegal:Diourbel,,,1996,,0.0167637634534799,0.0392135181381441,0.0076610097267354
Africa:Senegal:Diourbel,,,1997,,0.0154786200436864,0.036691055586346,0.006766291703054
Africa:Senegal:Diourbel,,,1998,,0.0143137502015166,0.03378035269374,0.0060167857827578
Africa:Senegal:Diourbel,,,1999,,0.0132445929966608,0.0306375394650665,0.0053984975339061
Africa:Senegal:Diourbel,,,2000,,0.0122532280521407,0.0274460733661578,0.0048830375310905
Africa:Senegal:Diourbel,,,2001,,0.0113253467759887,0.0242788767173301,0.00446951191664
Africa:Senegal:Diourbel,,,2002,,0.0104470225055523,0.0212840046893187,0.0041454031923922
Africa:Senegal:Diourbel,,,2003,,0.0096079532320316,0.018614259138287,0.0039084131083322
Africa:Senegal:Diourbel,,,2004,,0.008790015095815,0.0162863212422968,0.0037708959857661
Africa:Senegal:Diourbel,0.0034442091106009,0.0032820375254788,2005,Senegal,0.0079583919651588,0.0144076364155514,0.0037877578591898
Africa:Senegal:Diourbel,,,2006,,0.008156055097683,0.0148678018591529,0.0035947788743557
Africa:Senegal:Diourbel,,,2007,,0.0082951509545776,0.0152108377139042,0.0035923365319897
Africa:Senegal:Diourbel,,,2008,,0.0084053591449093,0.0152778076027969,0.0037258122048606
Africa:Senegal:Diourbel,,,2009,,0.0084932634621038,0.0149591112890552,0.0039994571732768
Africa:Senegal:Diourbel,0.0,0.0,2010,Senegal,0.0085525240404835,0.0141865615710438,0.0044874303068382
Africa:Senegal:Diourbel,,,2011,,0.0092211976917114,0.0157663111986625,0.0047879377577497
Africa:Senegal:Diourbel,0.0093829009680944,0.0093552284781907,2012,Senegal,0.0098901411188708,0.0167857549426361,0.0053952598323888
Africa:Senegal:Diourbel,,,2013,,0.009938660089551,0.0174917037375465,0.0053277004253982
Africa:Senegal:Diourbel,0.0,0.0,2014,Senegal,0.0100122090278395,0.0167620612280539,0.0055540162251467
Africa:Senegal:Diourbel,0.0071805124577846,0.0074602776314651,2015,Senegal,0.0096664548768374,0.0159098479786225,0.0053170980731837
Africa:Senegal:Diourbel,0.0,0.0,2016,Senegal,0.0097114989660806,0.0159913666008926,0.0054103217557179
Africa:Senegal:Diourbel,0.0,0.0,2017,Senegal,0.0091887305721031,0.0147485927398361,0.00507527056469
Africa:Senegal:Diourbel,0.0,0.0,2018,Senegal,0.0101666041099584,0.0171025914701266,0.0056364744914555
Africa:Senegal:Diourbel,0.0,0.0,2019,Senegal,0.010705684469503,0.0195548604788371,0.0057264034625227
Africa:Senegal:Diourbel,,,2020,,0.0106530476154585,0.0226475037604311,0.0051695623329353
Africa:Senegal:Diourbel,,,2021,,0.0106273010088833,0.0254588181125818,0.004714757153153
Africa:Senegal:Diourbel,,,2022,,0.0106100764806954,0.0281395701835886,0.0043284745815493
Africa:Senegal:Diourbel,,,2023,,0.0105970229677498,0.0307610094665842,0.0040044761938494
Africa:Senegal:Diourbel,,,2024,,0.0105869138717209,0.0333565843265585,0.0037207509706295
Africa:Senegal:Diourbel,,,2025,,0.0105785973224979,0.0359493119236602,0.0034692804288112
Africa:Senegal:Fatick,,,1990,,0.0219840094523152,0.0620737617712906,0.0096571025851026
Africa:Senegal:Fatick,,,1991,,0.022118772703704,0.0562510832360459,0.0103864357123404
Africa:Senegal:Fatick,,,1992,,0.0223064715782603,0.0500512795524796,0.011184080158586
Africa:Senegal:Fatick,0.0,0.0,1993,Senegal,0.0226564982368838,0.0431712589866857,0.0120145370790477
Africa:Senegal:Fatick,,,1994,,0.0205279622532947,0.0438637279363779,0.010639336612168
Africa:Senegal:Fatick,,,1995,,0.0188066701307035,0.0428226504329949,0.0093088927272424
Africa:Senegal:Fatick,,,1996,,0.0173150270476953,0.0408124688843537,0.00814381250567
Africa:Senegal:Fatick,,,1997,,0.0159883425757535,0.0381970560564236,0.0071642637853762
Africa:Senegal:Fatick,,,1998,,0.0147883673048149,0.0351998441338801,0.0063489811895637
Africa:Senegal:Fatick,,,1999,,0.0136895051205071,0.0319680187754476,0.0056784959550014
Africa:Senegal:Fatick,,,2000,,0.0126711487077035,0.0286613136415882,0.0051263209944141
Africa:Senegal:Fatick,,,2001,,0.0117184011082166,0.0253853314880293,0.0046840657060091
Africa:Senegal:Fatick,,,2002,,0.0108189854851253,0.0222824958640635,0.0043392214575932
Africa:Senegal:Fatick,,,2003,,0.0099584747325074,0.0194853322554484,0.0040886108815953
Africa:Senegal:Fatick,,,2004,,0.0091198626553497,0.0170633708293276,0.0039415379836984
Africa:Senegal:Fatick,0.0,0.0,2005,Senegal,0.0082645781499546,0.015077202370839,0.0039555657197285
Africa:Senegal:Fatick,,,2006,,0.0084660454843591,0.0155611837373658,0.0037624191968453
Africa:Senegal:Fatick,,,2007,,0.0086049142435295,0.0158879674661311,0.0037679997327897
Africa:Senegal:Fatick,,,2008,,0.008713511601587,0.0159465549050243,0.0039171706529626
Africa:Senegal:Fatick,,,2009,,0.0087986071863284,0.0156075566849942,0.0042198982000226
Africa:Senegal:Fatick,0.0,0.0,2010,Senegal,0.0088510370622304,0.0147949314728301,0.0047617601586603
Africa:Senegal:Fatick,,,2011,,0.0095315179535961,0.0164542455744075,0.0050911422394489
Africa:Senegal:Fatick,0.0,0.0,2012,Senegal,0.0102092376668265,0.0175268196570935,0.0057704127138398
Africa:Senegal:Fatick,,,2013,,0.0102584574236514,0.0181664443144858,0.0057215408355243
Africa:Senegal:Fatick,0.0069549196568959,0.0082924096296379,2014,Senegal,0.0103301878861065,0.0173374028279127,0.0060153782913001
Africa:Senegal:Fatick,0.0,0.0,2015,Senegal,0.0099781994036648,0.0164594554581079,0.0057425363689344
Africa:Senegal:Fatick,0.0113747673626875,0.0089710199841839,2016,Senegal,0.0100206851677765,0.0164038243080647,0.0059115638427663
Africa:Senegal:Fatick,0.0070947973957169,0.0075181454679195,2017,Senegal,0.0094851712391467,0.0151391278983324,0.00552699567468
Africa:Senegal:Fatick,0.0153471593281049,0.0151403892690025,2018,Senegal,0.0104888760053134,0.0175115698458001,0.0061724544004929
Africa:Senegal:Fatick,0.0,0.0,2019,Senegal,0.01104811868526,0.0200981527416334,0.0062330090913449
Africa:Senegal:Fatick,,,2020,,0.0110007653667698,0.0232828768914139,0.0055806034048083
Africa:Senegal:Fatick,,,2021,,0.0109790543298148,0.0261727815492917,0.0050580265271827
Africa:Senegal:Fatick,,,2022,,0.0109651349469776,0.0289080544212953,0.0046245462198657
Africa:Senegal:Fatick,,,2023,,0.0109545547300886,0.031607266677449,0.0042621728719422
Africa:Senegal:Fatick,,,2024,,0.0109472055810079,0.0342740848879997,0.0039477606536546
Africa:Senegal:Fatick,,,2025,,0.0109404942036626,0.0369323225379941,0.0036742390049025
Africa:Senegal:Kaffrine,,,1990,,0.0221972001495051,0.0631600875260701,0.0095836969186288
Africa:Senegal:Kaffrine,,,1991,,0.0223343061938319,0.0573025159224425,0.0102973336160597
Africa:Senegal:Kaffrine,,,1992,,0.0225264078676776,0.0511043067058202,0.0110868651975931
Africa:Senegal:Kaffrine,0.0,0.0,1993,Senegal,0.0228820384283719,0.0441569820813456,0.0118981056070048
Africa:Senegal:Kaffrine,,,1994,,0.0207294693801662,0.0447775223964572,0.0105441660982685
Africa:Senegal:Kaffrine,,,1995,,0.0189877541359994,0.0436591468628854,0.009227885778802
Africa:Senegal:Kaffrine,,,1996,,0.0174793946039643,0.041591239647205,0.0080849216465851
Africa:Senegal:Kaffrine,,,1997,,0.016137503912366,0.0389050533470026,0.0071274971645025
Africa:Senegal:Kaffrine,,,1998,,0.0149245236924355,0.0358342226699541,0.006328550379565
Africa:Senegal:Kaffrine,,,1999,,0.0138143625092073,0.0325292481441419,0.0056630587114257
Africa:Senegal:Kaffrine,,,2000,,0.0127860462596706,0.0291893768529039,0.0051227991545883
Africa:Senegal:Kaffrine,,,2001,,0.0118245486861947,0.0258654087693618,0.0046835382341152
Africa:Senegal:Kaffrine,,,2002,,0.0109171404883187,0.02269540430244,0.0043408516741601
Africa:Senegal:Kaffrine,,,2003,,0.0100497849630148,0.0198514524542553,0.0040913690880851
Africa:Senegal:Kaffrine,,,2004,,0.0092052825384758,0.0173660237031218,0.0039449898635263
Africa:Senegal:Kaffrine,0.0,0.0,2005,Senegal,0.0083436004347104,0.0153385879695149,0.0039613805519308
Africa:Senegal:Kaffrine,,,2006,,0.0085454796812691,0.0158372654298726,0.003765838061252
Africa:Senegal:Kaffrine,,,2007,,0.0086850244404591,0.0161879099644833,0.003770836055056
Africa:Senegal:Kaffrine,,,2008,,0.0087943383482354,0.0162474033221743,0.0039173790730233
Africa:Senegal:Kaffrine,,,2009,,0.0088808229010622,0.0159091006506289,0.0042176785326343
Africa:Senegal:Kaffrine,0.0,0.0,2010,Senegal,0.0089353398379224,0.0150866774905143,0.0047552893571926
Africa:Senegal:Kaffrine,,,2011,,0.009622306404705,0.0168071950102373,0.0050655763439988
Africa:Senegal:Kaffrine,0.0,0.0,2012,Senegal,0.0103078280768304,0.0179225044222769,0.0057147521768605
Africa:Senegal:Kaffrine,,,2013,,0.010357260639023,0.018647429431238,0.0056474569134363
Africa:Senegal:Kaffrine,0.0,0.0,2014,Senegal,0.0104317482085653,0.0178713564543894,0.005904272453578
Africa:Senegal:Kaffrine,0.0,0.0,2015,Senegal,0.0100775864080102,0.017020599245416,0.0056219296805274
Africa:Senegal:Kaffrine,0.0,0.0,2016,Senegal,0.0101203485687072,0.017068558790959,0.0057501987509443
Africa:Senegal:Kaffrine,0.0,0.0,2017,Senegal,0.0095819546935259,0.0156710111984187,0.0054020607484675
Africa:Senegal:Kaffrine,0.0092913372464338,0.009427589274458,2018,Senegal,0.0105903033666906,0.0180176950506682,0.0060642774351359
Africa:Senegal:Kaffrine,0.0,0.0,2019,Senegal,0.0111542581046594,0.0205853535140746,0.00614828627644
Africa:Senegal:Kaffrine,,,2020,,0.0111031924828169,0.0237877048994057,0.0055229476373938
Africa:Senegal:Kaffrine,,,2021,,0.0110796488890331,0.0266780481385562,0.0050180871540927
Africa:Senegal:Kaffrine,,,2022,,0.0110643803128792,0.0294670715656226,0.0045980085532755
Africa:Senegal:Kaffrine,,,2023,,0.011052965298206,0.0321672881821202,0.0042438949279163
Africa:Senegal:Kaffrine,,,2024,,0.0110447258281472,0.0348701593491915,0.0039378992817532
Africa:Senegal:Kaffrine,,,2025,,0.011037265845005,0.0375611400357425,0.0036723546762782
Africa:Senegal:Kaolack,,,1990,,0.0218598475336099,0.0622066267133992,0.0094813202607937
Africa:Senegal:Kaolack,,,1991,,0.0219957470463543,0.0563847481138355,0.0101761000243757
Africa:Senegal:Kaolack,,,1992,,0.0221835730330581,0.0502063756671631,0.0109504403282434
Africa:Senegal:Kaolack,0.0,0.0,1993,Senegal,0.0225303911061295,0.0433914649231207,0.0117434209782493
Africa:Senegal:Kaolack,,,1994,,0.0204170762336826,0.0439434650013592,0.0104186555318708
Africa:Senegal:Kaolack,,,1995,,0.0187047899866468,0.0428617598912007,0.0091369300121924
Africa:Senegal:Kaolack,,,1996,,0.0172193840544185,0.0408178593078594,0.0080158899572534
Africa:Senegal:Kaolack,,,1997,,0.0158983669775697,0.0381661998687918,0.0070697682260276
Africa:Senegal:Kaolack,,,1998,,0.014702990491658,0.035141730108252,0.0062783649161558
Africa:Senegal:Kaolack,,,1999,,0.0136084110794867,0.0318886072974116,0.0056184234205495
Africa:Senegal:Kaolack,,,2000,,0.012594681014533,0.0285501991690186,0.0050828603687052
Africa:Senegal:Kaolack,,,2001,,0.0116460505490655,0.0252496959305027,0.0046478453588258
Africa:Senegal:Kaolack,,,2002,,0.0107517056893132,0.0221398163348192,0.0043098300112713
Africa:Senegal:Kaolack,,,2003,,0.0098962761028151,0.0193236588963137,0.0040650616030067
Africa:Senegal:Kaolack,,,2004,,0.0090635936604787,0.0168958699453309,0.0039216125455051
Africa:Senegal:Kaolack,0.00288431146958,0.002938293771562,2005,Senegal,0.0082149013825014,0.0149022893774584,0.003937338904656
Africa:Senegal:Kaolack,,,2006,,0.0084154429300366,0.0153955583959358,0.0037420601584526
Africa:Senegal:Kaolack,,,2007,,0.0085546040444844,0.0157476879418028,0.0037425720160964
Africa:Senegal:Kaolack,,,2008,,0.0086646356803461,0.0158197659535776,0.0038842931387762
Africa:Senegal:Kaolack,,,2009,,0.0087522632296356,0.0154992152885579,0.0041761216842117
Africa:Senegal:Kaolack,0.0,0.0,2010,Senegal,0.0088103044788077,0.0147036615368376,0.0046931372942269
Africa:Senegal:Kaolack,,,2011,,0.0094871021534422,0.016382071625859,0.0050167201175152
Africa:Senegal:Kaolack,0.0,0.0,2012,Senegal,0.0101655263764663,0.0174766162727795,0.0056720496575408
Africa:Senegal:Kaolack,,,2013,,0.0102135063525851,0.0181061324792985,0.0056340556005466
Africa:Senegal:Kaolack,0.0102201218123323,0.0082934755781863,2014,Senegal,0.0102869958246448,0.0172685288871859,0.0059213179235184
Africa:Senegal:Kaolack,0.0,0.0,2015,Senegal,0.0099370476570322,0.0164704205254568,0.0056299253475512
Africa:Senegal:Kaolack,0.0,0.0,2016,Senegal,0.0099806348512718,0.0165119854395442,0.0057604375956918
Africa:Senegal:Kaolack,0.0045739681128736,0.0048218145574872,2017,Senegal,0.0094475753910607,0.0151138860396378,0.0054314940641292
Africa:Senegal:Kaolack,0.0169748268727484,0.0107830709758825,2018,Senegal,0.0104471772319844,0.0173655997049622,0.0061079031476286
Africa:Senegal:Kaolack,0.0,0.0,2019,Senegal,0.0110030333672389,0.0199875436302301,0.0061538114718823
Africa:Senegal:Kaolack,,,2020,,0.0109510551805572,0.0231819058564402,0.0055261473904183
Africa:Senegal:Kaolack,,,2021,,0.0109262666350322,0.0260861490634698,0.0050125149353363
Africa:Senegal:Kaolack,,,2022,,0.0109099090322672,0.0288326524820948,0.0045890506424221
Africa:Senegal:Kaolack,,,2023,,0.0108974243885472,0.0315301733655973,0.0042316049272271
Africa:Senegal:Kaolack,,,2024,,0.0108885845702995,0.0341964345488726,0.0039222515941352
Africa:Senegal:Kaolack,,,2025,,0.0108805964811993,0.0368548167151219,0.0036535008568891
