state,traditional_method,se.traditional_method,year,pred,pred_upper,pred_lower
Africa:Senegal:Dakar,,,1990,0.0123263710176687,0.0335825629343432,0.0056560191348762
Africa:Senegal:Dakar,,,1991,0.0124192140280319,0.0303907996167138,0.0060200130394294
Africa:Senegal:Dakar,,,1992,0.0125482201927762,0.0269616909097164,0.0064107472992815
Africa:Senegal:Dakar,0.01628664495114,0.0057436846195933,1993,0.0127886073952385,0.023114342858228,0.0067789662246232
Africa:Senegal:Dakar,,,1994,0.0118308409102348,0.0243671028538978,0.0062650260635557
Africa:Senegal:Dakar,,,1995,0.0110669526652994,0.024622259011429,0.0057195632411069
Africa:Senegal:Dakar,,,1996,0.0103993746708896,0.0242448464860754,0.0052177800840339
Africa:Senegal:Dakar,,,1997,0.0098001480627331,0.0233952081051343,0.0047629690131057
Africa:Senegal:Dakar,,,1998,0.0092543592049543,0.0222276550664892,0.0043739456588757
Africa:Senegal:Dakar,,,1999,0.008750541762953,0.0208284876593844,0.0040427831033577
Africa:Senegal:Dakar,,,2000,0.0082825267122867,0.019252240189996,0.003776514111005
Africa:Senegal:Dakar,,,2001,0.0078422413986453,0.0175670171551427,0.0035704935679822
Africa:Senegal:Dakar,,,2002,0.007424708051222,0.0158364244082723,0.0034274776992277
Africa:Senegal:Dakar,,,2003,0.007024105708695,0.0140768726184159,0.0033449683378069
Africa:Senegal:Dakar,,,2004,0.0066318064053266,0.0123320810950238,0.0033368071562285
Africa:Senegal:Dakar,0.0057103460322711,0.0034797848354228,2005,0.0062343800969459,0.0106878972955268,0.0034457259016548
Africa:Senegal:Dakar,,,2006,0.005961774949304,0.0107521223854849,0.0029669484867332
Africa:Senegal:Dakar,,,2007,0.0056911451845135,0.0104942843723138,0.0026653140800572
Africa:Senegal:Dakar,,,2008,0.0054182231594234,0.0099692258450943,0.0024834182358123
Africa:Senegal:Dakar,,,2009,0.0051387357772163,0.0093129158539666,0.002401848590371
Africa:Senegal:Dakar,0.0036770997318895,0.0025987185659956,2010,0.0048315726096951,0.0086782011510275,0.0024507200499179
Africa:Senegal:Dakar,,,2011,0.0053131183218559,0.0094157661074749,0.0027823883807874
Africa:Senegal:Dakar,0.0,0.0,2012,0.0058086126012826,0.0103087781243958,0.003257163778614
Africa:Senegal:Dakar,,,2013,0.0054792185630238,0.0099899764580814,0.0029436752365353
Africa:Senegal:Dakar,0.0070391835828431,0.0067348095341042,2014,0.0051729675281816,0.0091123835291297,0.0028105718368927
Africa:Senegal:Dakar,0.004110791556796,0.0041475995402672,2015,0.0048907152651801,0.0086299424087037,0.0026429062737171
Africa:Senegal:Dakar,0.0,0.0,2016,0.0044758100240275,0.0081686528742186,0.0022771167985192
Africa:Senegal:Dakar,0.0010914317651073,0.0011055758356633,2017,0.0042000591272775,0.0078970186668346,0.0020926179460143
Africa:Senegal:Dakar,0.0056859232040855,0.0052281556618665,2018,0.0045775633658391,0.0082862851738493,0.0024219205183145
Africa:Senegal:Dakar,0.0,0.0,2019,0.0049737972505402,0.0092495327557582,0.002581248957726
Africa:Senegal:Dakar,,,2020,0.0049814784738842,0.0103679004420098,0.0023131924960757
Africa:Senegal:Dakar,,,2021,0.0049897934417123,0.011374056127148,0.0020976537996141
Africa:Senegal:Dakar,,,2022,0.0049963259296436,0.0123062879039109,0.0019189179183985
Africa:Senegal:Dakar,,,2023,0.0050026039033771,0.0132607615498513,0.0017697069648493
Africa:Senegal:Dakar,,,2024,0.0050096018712609,0.0142433090324833,0.0016398198188845
Africa:Senegal:Dakar,,,2025,0.0050155071601985,0.0152550109568309,0.0015286408595233
Africa:Senegal:Sédhiou,,,1990,0.0357721343688006,0.1032605413147611,0.0149863145606385
Africa:Senegal:Sédhiou,,,1991,0.0360828143425329,0.0947447025157678,0.0156922699486851
Africa:Senegal:Sédhiou,,,1992,0.03648841827774,0.0859659098713851,0.0163874994467296
Africa:Senegal:Sédhiou,0.0,0.0,1993,0.0371386126906492,0.07606754574907,0.0169865218877688
Africa:Senegal:Sédhiou,,,1994,0.0344265470492904,0.0778630793231063,0.0161504903297913
Africa:Senegal:Sédhiou,,,1995,0.0321747840837374,0.0772722009496923,0.0152029485140873
Africa:Senegal:Sédhiou,,,1996,0.0301847991106035,0.0752657686578868,0.0142766064715358
Africa:Senegal:Sédhiou,,,1997,0.0283956646988812,0.0721845171062226,0.013412431680146
Africa:Senegal:Sédhiou,,,1998,0.0267633532254431,0.0682583968995194,0.012586684996261
Africa:Senegal:Sédhiou,,,1999,0.0252630987555545,0.0637780167505786,0.011864641688365
Africa:Senegal:Sédhiou,,,2000,0.0238814431416139,0.0588097548127357,0.0112408025237819
Africa:Senegal:Sédhiou,,,2001,0.0225990016612195,0.0535044435621729,0.0107613211800203
Africa:Senegal:Sédhiou,,,2002,0.0214055050695432,0.0479594364763759,0.010424311881266
Africa:Senegal:Sédhiou,,,2003,0.0202826073483139,0.0423271445731323,0.0102746709592545
Africa:Senegal:Sédhiou,,,2004,0.019211827606107,0.0366255938739637,0.0103518841398211
Africa:Senegal:Sédhiou,0.0046449336308024,0.0046890033070014,2005,0.0181574286389174,0.030979065044932,0.0108323655669922
Africa:Senegal:Sédhiou,,,2006,0.0173598298656539,0.0309947426205744,0.0094069508188305
Africa:Senegal:Sédhiou,,,2007,0.0166005560519969,0.029917679851073,0.0085027267267713
Africa:Senegal:Sédhiou,,,2008,0.0158621955844756,0.0280014472858355,0.0079701321916988
Africa:Senegal:Sédhiou,,,2009,0.0151206740426485,0.0255368892935115,0.0077872184502244
Africa:Senegal:Sédhiou,0.0122666457394324,0.0068298456113734,2010,0.0143054103251306,0.0229190999531286,0.0080932948351279
Africa:Senegal:Sédhiou,,,2011,0.0155880860717184,0.0253310353393144,0.0094547527271942
Africa:Senegal:Sédhiou,0.0391210417306137,0.0139149763847304,2012,0.017021612626392,0.0274487097424543,0.0112129253351306
Africa:Senegal:Sédhiou,,,2013,0.0160285013623494,0.02711572055876,0.0100613528026658
Africa:Senegal:Sédhiou,0.0064490366432453,0.0066401866258298,2014,0.0151869752392189,0.024633055600967,0.0095259248651579
Africa:Senegal:Sédhiou,0.0247737769771438,0.0122328616015101,2015,0.0144060082914616,0.0229343720980326,0.0089763515903277
Africa:Senegal:Sédhiou,0.0,0.0,2016,0.0132756698995286,0.0215315681315035,0.0075189539603687
Africa:Senegal:Sédhiou,0.0034417137017742,0.0035664219250785,2017,0.0125247152154176,0.0205236466699391,0.0068444862657114
Africa:Senegal:Sédhiou,0.0058199071301678,0.0059131974867891,2018,0.0135203389963333,0.0221743779014729,0.0080387891351331
Africa:Senegal:Sédhiou,0.0077306094920158,0.0077265317960726,2019,0.0145778012590525,0.0255025617877788,0.0086259678823351
Africa:Senegal:Sédhiou,,,2020,0.0145443083278501,0.0290915594571812,0.0076410086920857
Africa:Senegal:Sédhiou,,,2021,0.0145363841549774,0.0324368196625149,0.0068751984980302
Africa:Senegal:Sédhiou,,,2022,0.0145341239099796,0.035649147402586,0.0062574736135968
Africa:Senegal:Sédhiou,,,2023,0.014533581860256,0.0388362619212785,0.0057466233184475
Africa:Senegal:Sédhiou,,,2024,0.0145352242526779,0.0419575534539849,0.0053022380468824
Africa:Senegal:Sédhiou,,,2025,0.0145367131673882,0.04506073413072,0.0049237715374237
Africa:Senegal:Tambacounda,,,1990,0.01483776153195,0.046294375208344,0.005594003683946
Africa:Senegal:Tambacounda,,,1991,0.0149590076393026,0.0424103541034652,0.0058555564561111
Africa:Senegal:Tambacounda,,,1992,0.0151204370953162,0.0383920218280799,0.006112401586123
Africa:Senegal:Tambacounda,0.0,0.0,1993,0.0153806013638501,0.033842968667186,0.0063404346836162
Africa:Senegal:Tambacounda,,,1994,0.0142618358091663,0.0347522816174074,0.0059701416364536
Africa:Senegal:Tambacounda,,,1995,0.0133327560530617,0.0344750866168587,0.005577287679751
Africa:Senegal:Tambacounda,,,1996,0.0125129016341017,0.0335659180892367,0.0051948107784191
Africa:Senegal:Tambacounda,,,1997,0.0117741404354419,0.0321605430975868,0.0048465880726195
Africa:Senegal:Tambacounda,,,1998,0.011100103403223,0.0304063320675439,0.0045388885099803
Africa:Senegal:Tambacounda,,,1999,0.0104792088360059,0.0283863562909448,0.0042611681713034
Africa:Senegal:Tambacounda,,,2000,0.0099046186558737,0.0261688325534645,0.0040345544796179
Africa:Senegal:Tambacounda,,,2001,0.0093685736490057,0.0238126563074555,0.0038455630764774
Africa:Senegal:Tambacounda,,,2002,0.0088664226036908,0.0214307122424348,0.0037050137747863
Africa:Senegal:Tambacounda,,,2003,0.0083920756131495,0.0189956897077009,0.0036180344070521
Africa:Senegal:Tambacounda,,,2004,0.0079410041842005,0.0165910612988087,0.0035863310801995
Africa:Senegal:Tambacounda,0.0,0.0,2005,0.0075055813361998,0.014198512970223,0.0036422408431173
Africa:Senegal:Tambacounda,,,2006,0.0071472810058745,0.0141822531988197,0.0032488996588903
Africa:Senegal:Tambacounda,,,2007,0.0068127352256399,0.0136849974665906,0.0029816052313576
Africa:Senegal:Tambacounda,,,2008,0.0064899324611397,0.0128569803365125,0.0028122674726455
Africa:Senegal:Tambacounda,,,2009,0.0061691306269716,0.0118232148804128,0.0027383815209901
Africa:Senegal:Tambacounda,0.0,0.0,2010,0.0058240109559512,0.0107177210286276,0.0027929664192194
Africa:Senegal:Tambacounda,,,2011,0.0064033912201539,0.0120172692166983,0.0030909580397741
Africa:Senegal:Tambacounda,0.0,0.0,2012,0.0070167409427911,0.0133823693198141,0.003487712692849
Africa:Senegal:Tambacounda,,,2013,0.006607002491464,0.0130371331991058,0.0031829814226107
Africa:Senegal:Tambacounda,0.0,0.0,2014,0.0062538983036351,0.0118557781561004,0.0030145332520226
Africa:Senegal:Tambacounda,0.0,0.0,2015,0.0059251846720253,0.0110858391627623,0.0028412231056817
Africa:Senegal:Tambacounda,0.0,0.0,2016,0.0054267733454373,0.0102584916260108,0.0024972094216819
Africa:Senegal:Tambacounda,0.0,0.0,2017,0.0051056024880435,0.0097616990702126,0.0023003210113706
Africa:Senegal:Tambacounda,0.0,0.0,2018,0.0055565203704174,0.0105324887039984,0.0026109225133056
Africa:Senegal:Tambacounda,0.0,0.0,2019,0.0060114433935545,0.0120590335486798,0.0027793359544155
Africa:Senegal:Tambacounda,,,2020,0.0059864773835974,0.013520894324879,0.0025507210857695
Africa:Senegal:Tambacounda,,,2021,0.0059760877628328,0.0148585214852164,0.00235133929322
Africa:Senegal:Tambacounda,,,2022,0.005970239276618,0.0161678049172372,0.0021811522489235
Africa:Senegal:Tambacounda,,,2023,0.0059668126956075,0.0174483338132642,0.0020319098561949
Africa:Senegal:Tambacounda,,,2024,0.0059642062481048,0.0187893908740379,0.0018968719253397
Africa:Senegal:Tambacounda,,,2025,0.0059628582957629,0.0201058101828773,0.0017797515587752
Africa:Senegal:Thiès,,,1990,0.0115745581430818,0.0345669561831875,0.0046658512359211
Africa:Senegal:Thiès,,,1991,0.0116702394734855,0.0314433994970503,0.0049019859698758
Africa:Senegal:Thiès,,,1992,0.0117995605535202,0.0282242315815301,0.0051342033534211
Africa:Senegal:Thiès,0.0,0.0,1993,0.0120193236354623,0.0246116812331094,0.0053377917457962
Africa:Senegal:Thiès,,,1994,0.0111261872107947,0.0255185049168586,0.0050141340323219
Africa:Senegal:Thiès,,,1995,0.0103967223858598,0.0255006141384793,0.0046651274409197
Africa:Senegal:Thiès,,,1996,0.0097556424683166,0.0249336024630211,0.0043316829947834
Africa:Senegal:Thiès,,,1997,0.0091794075606779,0.0239555095912339,0.0040217499195385
Africa:Senegal:Thiès,,,1998,0.0086539952528014,0.022704484537104,0.0037424777950551
Africa:Senegal:Thiès,,,1999,0.0081715274889912,0.0212224086443438,0.0035058230130663
Africa:Senegal:Thiès,,,2000,0.0077242769132536,0.0195770170968579,0.0033025968993002
Africa:Senegal:Thiès,,,2001,0.0073078635906017,0.0178243764617383,0.0031415704037419
Africa:Senegal:Thiès,,,2002,0.0069165727050113,0.0160196821195847,0.0030198598389031
Africa:Senegal:Thiès,,,2003,0.0065464067721236,0.014196477199626,0.0029464771162557
Africa:Senegal:Thiès,,,2004,0.0061924018293251,0.0123847916076591,0.0029237485987956
Africa:Senegal:Thiès,0.0,0.0,2005,0.0058480819814141,0.0106092369296702,0.002978912033674
Africa:Senegal:Thiès,,,2006,0.0055739582840736,0.0106423618434095,0.0026284186033171
Africa:Senegal:Thiès,,,2007,0.0053161554003827,0.010307437263518,0.0023951063904133
Africa:Senegal:Thiès,,,2008,0.0050648753578459,0.0097202592009497,0.0022469550133009
Africa:Senegal:Thiès,,,2009,0.0048128884287841,0.0089656674533121,0.0021793523239534
Africa:Senegal:Thiès,0.0,0.0,2010,0.004541194418376,0.0081757050920499,0.0022156300087909
Africa:Senegal:Thiès,,,2011,0.0049887263532991,0.009100590546907,0.0024848722284826
Africa:Senegal:Thiès,0.0,0.0,2012,0.0054578201299653,0.0100997916474845,0.0028462129297452
Africa:Senegal:Thiès,,,2013,0.0051420493578166,0.0097462759081341,0.0026061547745835
Africa:Senegal:Thiès,0.0,0.0,2014,0.0048648522157014,0.0088011491874452,0.0024911751290792
Africa:Senegal:Thiès,0.0,0.0,2015,0.0046051562852288,0.008205037573552,0.0023620181346733
Africa:Senegal:Thiès,0.0053294943086174,0.0054248200444753,2016,0.004211450769531,0.0075896514810543,0.0020888676620185
Africa:Senegal:Thiès,0.0015767243077207,0.0015640700606271,2017,0.0039575551150587,0.0072690089380017,0.0019194024664392
Africa:Senegal:Thiès,0.0,0.0,2018,0.0043154703777362,0.0077936692007132,0.0021747268808371
Africa:Senegal:Thiès,0.0,0.0,2019,0.0046745668292765,0.0089410375089048,0.0023030873027796
Africa:Senegal:Thiès,,,2020,0.0046612122637978,0.0100648551188977,0.0020945490558347
Africa:Senegal:Thiès,,,2021,0.004657641808682,0.0110897836018939,0.0019190313025292
Africa:Senegal:Thiès,,,2022,0.0046559581542796,0.0120885726678554,0.0017706385267421
Africa:Senegal:Thiès,,,2023,0.0046557257503093,0.013081364668592,0.0016428400613551
Africa:Senegal:Thiès,,,2024,0.004656481298338,0.0141026314499849,0.0015301468502484
Africa:Senegal:Thiès,,,2025,0.0046573599223298,0.0151160205034632,0.0014279477681726
Africa:Senegal:Ziguinchor,,,1990,0.0417837588010823,0.1148330509801656,0.0183938845416087
Africa:Senegal:Ziguinchor,,,1991,0.0421592736315161,0.1050248556038779,0.0192786003346846
Africa:Senegal:Ziguinchor,,,1992,0.0426679238006478,0.0946274411599001,0.0201693320798944
Africa:Senegal:Ziguinchor,0.0784313725490196,0.0389887676881653,1993,0.0435227747802779,0.082981387382102,0.0209095492827786
Africa:Senegal:Ziguinchor,,,1994,0.0402729982623732,0.0855570148133586,0.0198982569273881
Africa:Senegal:Ziguinchor,,,1995,0.037619945394911,0.0854327461644004,0.0187029195580702
Africa:Senegal:Ziguinchor,,,1996,0.0352908523350559,0.0834555499417232,0.0175568806833933
Africa:Senegal:Ziguinchor,,,1997,0.0331989391103497,0.0802060285606468,0.0164567963033093
Africa:Senegal:Ziguinchor,,,1998,0.0312888090155711,0.0758798564418639,0.0153857080698953
Africa:Senegal:Ziguinchor,,,1999,0.0295449005282597,0.0709219034283658,0.0144249532246543
Africa:Senegal:Ziguinchor,,,2000,0.0279353816450661,0.0653726761396809,0.0136431867135838
Africa:Senegal:Ziguinchor,,,2001,0.0264473912106161,0.0594060852944462,0.0130479914701758
Africa:Senegal:Ziguinchor,,,2002,0.0250631810189831,0.053145173096467,0.0126659171664927
Africa:Senegal:Ziguinchor,,,2003,0.0237595310136034,0.0466597434119048,0.0125054710010876
Africa:Senegal:Ziguinchor,,,2004,0.0225133226715441,0.0400300725287859,0.0126736845650323
Africa:Senegal:Ziguinchor,0.0238156401545786,0.0081945145857599,2005,0.0212775609728353,0.0334886640890024,0.0134170714628418
Africa:Senegal:Ziguinchor,,,2006,0.0203444505820675,0.0341316741350063,0.0113938125570368
Africa:Senegal:Ziguinchor,,,2007,0.0194570820900464,0.0333454754701973,0.0101440650990473
Africa:Senegal:Ziguinchor,,,2008,0.0185894157824083,0.031525120099371,0.0094040727947454
Africa:Senegal:Ziguinchor,,,2009,0.0177137998272835,0.0290088639983941,0.0090986386672343
Africa:Senegal:Ziguinchor,0.0017186720608201,0.0017328469769622,2010,0.0167513136996017,0.026238932886353,0.0093363466049208
Africa:Senegal:Ziguinchor,,,2011,0.0182092580301628,0.0292080084045995,0.0109161484623414
Africa:Senegal:Ziguinchor,0.0150045593916435,0.0076298818882625,2012,0.0197873505005586,0.0319662215514035,0.0130641359272763
Africa:Senegal:Ziguinchor,,,2013,0.0186908515206391,0.0311105684966044,0.0117727160911196
Africa:Senegal:Ziguinchor,0.0265711906787955,0.0162597459653211,2014,0.0177387515550628,0.0278636439459299,0.0112601269352145
Africa:Senegal:Ziguinchor,0.0050488331666558,0.0049443231534241,2015,0.0168397472903509,0.0259325876783659,0.0105922065167562
Africa:Senegal:Ziguinchor,0.0057933649091153,0.0056179178981588,2016,0.0155313062324149,0.0239173661339431,0.0090318455464119
Africa:Senegal:Ziguinchor,0.0098174078940112,0.0052227366021223,2017,0.0146440478896124,0.0226641639724635,0.0083562386830776
Africa:Senegal:Ziguinchor,0.0193225192002994,0.0097202979347386,2018,0.0158225699144758,0.0240196068640601,0.0100029530070929
Africa:Senegal:Ziguinchor,0.0311483493262979,0.0121918878438782,2019,0.0170818373204894,0.0273963752371756,0.0108065601466204
Africa:Senegal:Ziguinchor,,,2020,0.0170440367340229,0.031770134984636,0.0094425607420495
Africa:Senegal:Ziguinchor,,,2021,0.0170414125311218,0.0357384271192849,0.0084205227517131
Africa:Senegal:Ziguinchor,,,2022,0.0170450069481212,0.0395571531519358,0.0076216391091503
Africa:Senegal:Ziguinchor,,,2023,0.017051429633088,0.0432732803878295,0.0069604996133832
Africa:Senegal:Ziguinchor,,,2024,0.0170564605694895,0.0469028973732903,0.0064074797019489
Africa:Senegal:Ziguinchor,,,2025,0.0170609900198901,0.0504902602619117,0.0059349654421886
Africa:Senegal:Kédougou,,,1990,0.0156356930946328,0.0577591244231598,0.0048544763199465
Africa:Senegal:Kédougou,,,1991,0.0157421580212069,0.0537778995107927,0.0050596541496712
Africa:Senegal:Kédougou,,,1992,0.0158767274562739,0.049526918176775,0.0052610756562967
Africa:Senegal:Kédougou,0.0,0.0,1993,0.0160789446774408,0.0449687466081193,0.0054473542090226
Africa:Senegal:Kédougou,,,1994,0.0149769851860596,0.0451791363301308,0.0051108021087441
Africa:Senegal:Kédougou,,,1995,0.0140316602088314,0.0443556881059299,0.00477213032634
Africa:Senegal:Kédougou,,,1996,0.0131839528004378,0.0428604483729587,0.0044578199286736
Africa:Senegal:Kédougou,,,1997,0.0124117737144359,0.0408948102249627,0.0041712776630087
Africa:Senegal:Kédougou,,,1998,0.0117013499749477,0.0385901217778182,0.0039154018295255
Africa:Senegal:Kédougou,,,1999,0.0110444050751224,0.0360449648800153,0.0036924819773477
Africa:Senegal:Kédougou,,,2000,0.0104321528803008,0.03332658023139,0.0035011817366955
Africa:Senegal:Kédougou,,,2001,0.0098599265236208,0.0305303649716186,0.0033419457376158
Africa:Senegal:Kédougou,,,2002,0.009321675537465,0.0276794328622448,0.0032180887289442
Africa:Senegal:Kédougou,,,2003,0.0088136072694335,0.0248125490064215,0.0031241916822283
Africa:Senegal:Kédougou,,,2004,0.0083311321572195,0.022006439005753,0.0030701432562348
Africa:Senegal:Kédougou,0.0,0.0,2005,0.0078692167617404,0.0192614494066834,0.0030600476546662
Africa:Senegal:Kédougou,,,2006,0.0074843150313336,0.0189736340627311,0.0027906445295871
Africa:Senegal:Kédougou,,,2007,0.0071244252970234,0.0182175137328611,0.0025914779220204
Africa:Senegal:Kédougou,,,2008,0.0067800268804442,0.0171249647201309,0.0024576210838009
Africa:Senegal:Kédougou,,,2009,0.0064428966220156,0.0158407027094549,0.0023886200953861
Africa:Senegal:Kédougou,0.0085636197294823,0.0087467739098412,2010,0.0060929918518542,0.0144590030753067,0.0023993271321363
Africa:Senegal:Kédougou,,,2011,0.0067084885254334,0.0162409387617807,0.0026232895280041
Africa:Senegal:Kédougou,0.0,0.0,2012,0.0073744741545706,0.018103818422209,0.0029085886924697
Africa:Senegal:Kédougou,,,2013,0.0069380433176582,0.0175109028845883,0.0026781668117108
Africa:Senegal:Kédougou,0.0,0.0,2014,0.0065566615219404,0.0160817347848089,0.0025353027739053
Africa:Senegal:Kédougou,0.0,0.0,2015,0.0062071686934578,0.0150910725277645,0.0023923300958687
Africa:Senegal:Kédougou,0.0,0.0,2016,0.0056777305819114,0.0139076513708482,0.0021306915671333
Africa:Senegal:Kédougou,0.0,0.0,2017,0.0053430971029748,0.0131567077673753,0.0019756691463336
Africa:Senegal:Kédougou,0.0,0.0,2018,0.0058202484559906,0.014285238693448,0.0022066618459802
Africa:Senegal:Kédougou,0.0,0.0,2019,0.0063068803535619,0.0161327139206949,0.0023526236417879
Africa:Senegal:Kédougou,,,2020,0.0062813965897339,0.0176483995510311,0.002203698982247
Africa:Senegal:Kédougou,,,2021,0.0062680705097099,0.0190717998516492,0.0020658499666271
Africa:Senegal:Kédougou,,,2022,0.0062590139383852,0.0204585668952866,0.0019407619533014
Africa:Senegal:Kédougou,,,2023,0.006252215761033,0.0218463309164111,0.0018282176276583
Africa:Senegal:Kédougou,,,2024,0.0062474420106368,0.0232492773485006,0.0017247728671002
Africa:Senegal:Kédougou,,,2025,0.0062433413497779,0.0246651101470426,0.0016320772873723
Africa:Senegal:Kolda,,,1990,0.021490147024063,0.0648532579121933,0.008527124823873
Africa:Senegal:Kolda,,,1991,0.0216624107455246,0.0593825425609162,0.008950755827985
Africa:Senegal:Kolda,,,1992,0.0218900893888673,0.0537029931828833,0.0093614600062935
Africa:Senegal:Kolda,0.02,0.0195323094157119,1993,0.0222636722192658,0.0474610071472027,0.009735382936771
Africa:Senegal:Kolda,,,1994,0.0206486385901455,0.0485961712999893,0.0091665617026778
Africa:Senegal:Kolda,,,1995,0.0193104910629558,0.0482580533914385,0.0085653196711705
Africa:Senegal:Kolda,,,1996,0.0181286451803226,0.0470602448609114,0.0079876864336716
Africa:Senegal:Kolda,,,1997,0.0170629938145292,0.0451354202535949,0.0074524828398465
Africa:Senegal:Kolda,,,1998,0.0160902120743454,0.0426950033564413,0.0069698993726457
Africa:Senegal:Kolda,,,1999,0.0151960185731675,0.0398489036902,0.0065584705230271
Africa:Senegal:Kolda,,,2000,0.0143658232227192,0.0367185744859624,0.0062021594014568
Africa:Senegal:Kolda,,,2001,0.0135934581827245,0.0334175898960215,0.0059232633234426
Africa:Senegal:Kolda,,,2002,0.0128673193680337,0.0300231987663569,0.005718930042365
Africa:Senegal:Kolda,,,2003,0.0121803857763013,0.0265495072627826,0.0055984199060283
Africa:Senegal:Kolda,,,2004,0.0115241401824016,0.0231066487900383,0.0055840372812993
Africa:Senegal:Kolda,0.0095998165251779,0.009449147428628,2005,0.0108866415867418,0.0197791555351781,0.0057229402893718
Africa:Senegal:Kolda,,,2006,0.0103785856153644,0.0197344017240376,0.0050606344570387
Africa:Senegal:Kolda,,,2007,0.0099002994993026,0.0190315582857841,0.0046223781099117
Africa:Senegal:Kolda,,,2008,0.0094357472301465,0.017894680767553,0.0043506986724682
Africa:Senegal:Kolda,,,2009,0.008971560304718,0.0164772422347867,0.004244436616424
Africa:Senegal:Kolda,0.0072544374258626,0.0053348227410192,2010,0.00846672780626,0.0149675803348856,0.0043539907315781
Africa:Senegal:Kolda,,,2011,0.0092905104131653,0.0166301112481311,0.0048761236923091
Africa:Senegal:Kolda,0.0055208114650436,0.0055326634566509,2012,0.0101731663343751,0.0183633218649808,0.0055686154031006
Africa:Senegal:Kolda,,,2013,0.0095815624015528,0.0180082126857633,0.0050341195110734
Africa:Senegal:Kolda,0.0,0.0,2014,0.0090713235635289,0.0164880221630124,0.0047515059771149
Africa:Senegal:Kolda,0.0,0.0,2015,0.008597100830273,0.0154769283726009,0.0044637006252385
Africa:Senegal:Kolda,0.0,0.0,2016,0.0078890263032792,0.0144282985252087,0.0038681206644556
Africa:Senegal:Kolda,0.0,0.0,2017,0.0074290640473187,0.0137639296535467,0.0035508327604704
Africa:Senegal:Kolda,0.0,0.0,2018,0.0080684777026525,0.0148102870863765,0.0040648652297042
Africa:Senegal:Kolda,0.0,0.0,2019,0.0087255999418251,0.0168799412878036,0.0043433736332407
Africa:Senegal:Kolda,,,2020,0.0086981692644976,0.018949970983673,0.0039510658426864
Africa:Senegal:Kolda,,,2021,0.0086894574141027,0.0208928673512835,0.0036180002052816
Africa:Senegal:Kolda,,,2022,0.0086846150214274,0.0227582991738657,0.0033356714078972
Africa:Senegal:Kolda,,,2023,0.0086822563000133,0.0246474863779887,0.0030946962228696
Africa:Senegal:Kolda,,,2024,0.0086817395957026,0.0265081184210356,0.0028816576747733
Africa:Senegal:Kolda,,,2025,0.0086813739811424,0.0284274870316736,0.0026916578108257
Africa:Senegal:Louga,,,1990,0.0118068759767968,0.0359581773911064,0.004585545130522
Africa:Senegal:Louga,,,1991,0.0119037885553729,0.0327846422123171,0.004801357886003
Africa:Senegal:Louga,,,1992,0.0120338095818453,0.0295092960589051,0.005021693769474
Africa:Senegal:Louga,0.0,0.0,1993,0.0122493552598058,0.0258553241604351,0.0052171626462865
Africa:Senegal:Louga,,,1994,0.0113489609926163,0.0266919388729211,0.0049042173163448
Africa:Senegal:Louga,,,1995,0.0106072931511514,0.0265854340606652,0.0045680313275177
Africa:Senegal:Louga,,,1996,0.0099541440864746,0.0259356001416491,0.0042464843171537
Africa:Senegal:Louga,,,1997,0.0093658721409153,0.024890130073954,0.0039507894207054
Africa:Senegal:Louga,,,1998,0.0088294161435523,0.0235655111608748,0.0036859171640874
Africa:Senegal:Louga,,,1999,0.0083360111676898,0.0220132141937338,0.0034574831695028
Africa:Senegal:Louga,,,2000,0.00787847915148,0.0202972703584014,0.0032625655247716
Africa:Senegal:Louga,,,2001,0.0074524485067369,0.0184723181794172,0.0031079147090605
Africa:Senegal:Louga,,,2002,0.0070524719733179,0.0166052915655489,0.0029914081843492
Africa:Senegal:Louga,,,2003,0.0066744249295638,0.0147159086417361,0.0029175042031247
Africa:Senegal:Louga,,,2004,0.0063139149348003,0.0128371365466499,0.0028943024726041
Africa:Senegal:Louga,0.0,0.0,2005,0.0059651625997021,0.0109970853016177,0.0029430404074354
Africa:Senegal:Louga,,,2006,0.0056818456932896,0.0110169049122314,0.0026100105355424
Africa:Senegal:Louga,,,2007,0.0054170918678195,0.0106632349339748,0.0023838173748355
Africa:Senegal:Louga,,,2008,0.0051600807342553,0.010036966060584,0.0022418605611255
Africa:Senegal:Louga,,,2009,0.0049035875984356,0.0092535846714035,0.0021754101801879
Africa:Senegal:Louga,0.0,0.0,2010,0.0046283757912394,0.0084322902059637,0.0022104466347316
Africa:Senegal:Louga,,,2011,0.0050893992819393,0.0094207413742699,0.0024595685807224
Africa:Senegal:Louga,0.0,0.0,2012,0.0055735604227182,0.0104882302231183,0.0027938226406992
Africa:Senegal:Louga,,,2013,0.0052501964394693,0.0101652058453544,0.0025533400744755
Africa:Senegal:Louga,0.0,0.0,2014,0.004968682195489,0.0092135406295958,0.0024287592441851
Africa:Senegal:Louga,0.0,0.0,2015,0.004705613011731,0.0086030378930291,0.0022948972310644
Africa:Senegal:Louga,0.0,0.0,2016,0.0043055625765311,0.0079573906218924,0.002022519960498
Africa:Senegal:Louga,0.0,0.0,2017,0.0040476198412264,0.0076048005753591,0.001860846628827
Africa:Senegal:Louga,0.0,0.0,2018,0.004410927822903,0.0081690194520435,0.0021135833022058
Africa:Senegal:Louga,0.0,0.0,2019,0.0047754405050667,0.0093598186811848,0.0022464347476627
Africa:Senegal:Louga,,,2020,0.0047583589944366,0.0105087781133608,0.0020543688065404
Africa:Senegal:Louga,,,2021,0.0047521505738576,0.0115666242016218,0.0018899455755817
Africa:Senegal:Louga,,,2022,0.004749077430989,0.0125927774064478,0.0017488886860002
Africa:Senegal:Louga,,,2023,0.0047473381258236,0.0135998026796467,0.001626261177561
Africa:Senegal:Louga,,,2024,0.0047468662974853,0.0146575832350648,0.0015175372146582
Africa:Senegal:Louga,,,2025,0.0047461956763842,0.0157005586259884,0.0014216281110725
Africa:Senegal:Matam,,,1990,0.0120244919261821,0.0371718517825774,0.0045215216499652
Africa:Senegal:Matam,,,1991,0.0121234559079685,0.0339238869906952,0.0047304625567387
Africa:Senegal:Matam,,,1992,0.012255132906027,0.0305899957517465,0.004941601103415
Africa:Senegal:Matam,0.0,0.0,1993,0.0124713539678815,0.0268844366695394,0.0051245941553264
Africa:Senegal:Matam,,,1994,0.0115590200257882,0.0276439136281864,0.0048194759049929
Africa:Senegal:Matam,,,1995,0.0108048263895429,0.0275140031279586,0.0044928925535247
Africa:Senegal:Matam,,,1996,0.0101396141402354,0.0268134342672561,0.0041811123053629
Africa:Senegal:Matam,,,1997,0.0095398756502413,0.0257305627246482,0.0038946155304592
Africa:Senegal:Matam,,,1998,0.0089924862213241,0.0243238705868,0.0036389845881277
Africa:Senegal:Matam,,,1999,0.0084883220155029,0.0227193739900138,0.0034152757473822
Africa:Senegal:Matam,,,2000,0.0080217555867331,0.0209499899720686,0.0032271034369609
Africa:Senegal:Matam,,,2001,0.0075864554616909,0.0190682596680061,0.0030746610303358
Africa:Senegal:Matam,,,2002,0.007178538925893,0.0171263697451506,0.0029612278761376
Africa:Senegal:Matam,,,2003,0.0067930224010748,0.0151788475850268,0.0028853321882776
Africa:Senegal:Matam,,,2004,0.0064262989116909,0.0132388203216846,0.0028585139478362
Africa:Senegal:Matam,0.0009528021345552,0.0009745129008792,2005,0.0060743039529079,0.0113464897908415,0.0028968775029192
Africa:Senegal:Matam,,,2006,0.005780565973042,0.0113402505371126,0.0025833292513775
Africa:Senegal:Matam,,,2007,0.0055080644231212,0.0109562006699591,0.0023682910446542
Africa:Senegal:Matam,,,2008,0.0052450178827398,0.0103027515866287,0.0022326342652453
Africa:Senegal:Matam,,,2009,0.0049837144957786,0.0094906246673447,0.0021691452809709
Africa:Senegal:Matam,0.0012862855273891,0.0013059589796928,2010,0.0047051644442831,0.0086437300737554,0.0022052517204168
Africa:Senegal:Matam,,,2011,0.0051782681872501,0.009675666375494,0.0024342223408321
Africa:Senegal:Matam,0.0,0.0,2012,0.0056758704642071,0.0108189399247518,0.0027430921061311
Africa:Senegal:Matam,,,2013,0.005345475101061,0.0104988800771164,0.0025058907492499
Africa:Senegal:Matam,0.0,0.0,2014,0.0050602196481405,0.0095416356651731,0.002377778050575
Africa:Senegal:Matam,0.0,0.0,2015,0.0047934952139822,0.0089159736235759,0.0022421817420178
Africa:Senegal:Matam,0.0,0.0,2016,0.004385996314466,0.008242401027951,0.0019783859888345
Africa:Senegal:Matam,0.0,0.0,2017,0.0041236415662774,0.0078654470498137,0.0018225993340492
Africa:Senegal:Matam,0.0,0.0,2018,0.0044941612236731,0.0084678095024322,0.0020655609600727
Africa:Senegal:Matam,0.0,0.0,2019,0.0048640884853235,0.0097010846669756,0.0021987923092171
Africa:Senegal:Matam,,,2020,0.0048435519263729,0.0108788443389029,0.002021749466011
Africa:Senegal:Matam,,,2021,0.0048352990120138,0.0119687599338619,0.0018662575027561
Africa:Senegal:Matam,,,2022,0.0048304447106036,0.0130184802896312,0.0017319903227705
Africa:Senegal:Matam,,,2023,0.0048274930564225,0.0140655762616087,0.0016142848133166
Africa:Senegal:Matam,,,2024,0.0048254743977081,0.0151235122793589,0.0015120524800252
Africa:Senegal:Matam,,,2025,0.0048245184072582,0.0162049894555261,0.0014176696983415
Africa:Senegal:Saint-Louis,,,1990,0.0117205597590577,0.0364522719613543,0.0044419713791313
Africa:Senegal:Saint-Louis,,,1991,0.0118106050355619,0.0333173067205199,0.00465751941638
Africa:Senegal:Saint-Louis,,,1992,0.0119305831800182,0.0300868387985566,0.0048737049702324
Africa:Senegal:Saint-Louis,0.0096153846153846,0.0095624068865162,1993,0.012127395507799,0.0265501940145641,0.0050748492603537
Africa:Senegal:Saint-Louis,,,1994,0.011253291551719,0.0272015720018455,0.0047548248490169
Africa:Senegal:Saint-Louis,,,1995,0.0105269442746195,0.027008753364214,0.0044270875043427
Africa:Senegal:Saint-Louis,,,1996,0.009884472261554,0.0263385068683491,0.0041218234053069
Africa:Senegal:Saint-Louis,,,1997,0.0093038301721437,0.0252485930045505,0.0038393231785108
Africa:Senegal:Saint-Louis,,,1998,0.008772865105293,0.0238771886051907,0.0035848201818986
Africa:Senegal:Saint-Louis,,,1999,0.0082830339289812,0.0222886324847397,0.0033693734505912
Africa:Senegal:Saint-Louis,,,2000,0.0078277586358019,0.0205450415570379,0.0031853333897463
Africa:Senegal:Saint-Louis,,,2001,0.0074025364148283,0.0186943863072746,0.0030395808299304
Africa:Senegal:Saint-Louis,,,2002,0.0070025227341633,0.0168281909616595,0.0029260847162354
Africa:Senegal:Saint-Louis,,,2003,0.0066235015609123,0.0149222423779828,0.0028564630485561
Africa:Senegal:Saint-Louis,,,2004,0.0062614800596217,0.0130512155439805,0.0028331870158738
Africa:Senegal:Saint-Louis,0.0064477414548026,0.0045885258010545,2005,0.0059120202144864,0.0112523282214101,0.0028755303073986
Africa:Senegal:Saint-Louis,,,2006,0.0056289488729095,0.0112571369124378,0.0025523889797981
Africa:Senegal:Saint-Louis,,,2007,0.0053640872532008,0.0109034634203205,0.0023313099385911
Africa:Senegal:Saint-Louis,,,2008,0.0051077119743093,0.0103127096617686,0.0021879006335401
Africa:Senegal:Saint-Louis,,,2009,0.0048537241201262,0.0095699515087215,0.0021165879380632
Africa:Senegal:Saint-Louis,0.0030643749122431,0.0030575769591662,2010,0.0045835831963719,0.0087721630933847,0.0021365197864544
Africa:Senegal:Saint-Louis,,,2011,0.0050441171380831,0.0097870987740098,0.0023626626321406
Africa:Senegal:Saint-Louis,0.0,0.0,2012,0.0055311008357286,0.0109115555494534,0.0026624926842194
Africa:Senegal:Saint-Louis,,,2013,0.0052090098941398,0.0105764241336354,0.0024317388222151
Africa:Senegal:Saint-Louis,0.0,0.0,2014,0.0049280137645369,0.0096492788798338,0.0023053091894497
Africa:Senegal:Saint-Louis,0.0,0.0,2015,0.0046668400561308,0.0090450936685259,0.0021723486694659
Africa:Senegal:Saint-Louis,0.0,0.0,2016,0.0042700627867666,0.0083831304394081,0.0019156828238991
Africa:Senegal:Saint-Louis,0.0,0.0,2017,0.0040147328452736,0.0080009609010738,0.0017665066412478
Africa:Senegal:Saint-Louis,0.0,0.0,2018,0.0043749755591171,0.0085953322706918,0.00200097530157
Africa:Senegal:Saint-Louis,0.0,0.0,2019,0.0047383950889509,0.0097755223675706,0.0021314720383876
Africa:Senegal:Saint-Louis,,,2020,0.0047218356987453,0.010892105134667,0.001960685007323
Africa:Senegal:Saint-Louis,,,2021,0.0047160460399448,0.0119417423032864,0.0018127517138458
Africa:Senegal:Saint-Louis,,,2022,0.004712752025633,0.0129659904100698,0.0016830388909853
Africa:Senegal:Saint-Louis,,,2023,0.0047107719299647,0.0139586824425269,0.0015683801845863
Africa:Senegal:Saint-Louis,,,2024,0.0047095295211259,0.0149839630952333,0.0014682102324205
Africa:Senegal:Saint-Louis,,,2025,0.0047092966812706,0.0160129732079496,0.0013777710459955
Africa:Senegal:Diourbel,,,1990,0.0117253366570832,0.0359615333499401,0.0044843396087096
Africa:Senegal:Diourbel,,,1991,0.0118198263828663,0.0328493230805282,0.0046955436486509
Africa:Senegal:Diourbel,,,1992,0.0119464075405885,0.0296284520155026,0.0049123192330876
Africa:Senegal:Diourbel,0.0,0.0,1993,0.0121544021009002,0.0259949159625245,0.0051011742837108
Africa:Senegal:Diourbel,,,1994,0.011266398850299,0.0268220135848851,0.0047921109713642
Africa:Senegal:Diourbel,,,1995,0.0105319336052622,0.0266758610619174,0.0044595470601167
Africa:Senegal:Diourbel,,,1996,0.0098846845123627,0.0260372009284992,0.0041461918842518
Africa:Senegal:Diourbel,,,1997,0.0093010727659267,0.0249866837385212,0.0038570227991522
Africa:Senegal:Diourbel,,,1998,0.0087686500542898,0.0236523559308684,0.0035959079811412
Africa:Senegal:Diourbel,,,1999,0.0082786655849829,0.0220978428283568,0.003374687298024
Africa:Senegal:Diourbel,,,2000,0.0078240262023408,0.0203846531657787,0.0031821483498001
Africa:Senegal:Diourbel,,,2001,0.0074005016014581,0.0185680387744542,0.0030305055044438
Africa:Senegal:Diourbel,,,2002,0.0070026412554835,0.0167216631876868,0.0029126346273234
Africa:Senegal:Diourbel,,,2003,0.006626886931118,0.0148342131737072,0.0028388444005332
Africa:Senegal:Diourbel,,,2004,0.0062684387918445,0.0129854226246,0.0028116923015805
Africa:Senegal:Diourbel,0.0,0.0,2005,0.0059211363279112,0.0111435530366556,0.0028505310549179
Africa:Senegal:Diourbel,,,2006,0.0056404198173906,0.0111587365911125,0.0025326448941014
Africa:Senegal:Diourbel,,,2007,0.0053771522630985,0.0107874789265393,0.002316074593698
Africa:Senegal:Diourbel,,,2008,0.0051222417197417,0.0101687879825964,0.0021776278827697
Africa:Senegal:Diourbel,,,2009,0.0048676602181745,0.0093730990197404,0.0021121005454644
Africa:Senegal:Diourbel,0.0,0.0,2010,0.0045953416358328,0.0085357135027862,0.0021422916548734
Africa:Senegal:Diourbel,,,2011,0.0050518702014137,0.0095185740709199,0.0023935153789186
Africa:Senegal:Diourbel,0.0,0.0,2012,0.0055331897908748,0.010548643414003,0.0027271175414937
Africa:Senegal:Diourbel,,,2013,0.00521138326488,0.0102079367267674,0.0024979354657258
Africa:Senegal:Diourbel,0.0,0.0,2014,0.0049306245915077,0.0092445486877295,0.002381116363132
Africa:Senegal:Diourbel,0.0,0.0,2015,0.0046686517304232,0.0086260864548248,0.0022530588765826
Africa:Senegal:Diourbel,0.0,0.0,2016,0.0042709594889845,0.0079784237663474,0.0019891744045385
Africa:Senegal:Diourbel,0.0,0.0,2017,0.0040153835217981,0.0076260926816651,0.0018284496489676
Africa:Senegal:Diourbel,0.0,0.0,2018,0.0043758852391065,0.0081873660247502,0.0020761263344604
Africa:Senegal:Diourbel,0.0,0.0,2019,0.0047386798734486,0.0093728421106545,0.0022067577537973
Africa:Senegal:Diourbel,,,2020,0.0047220204408572,0.0105040943376848,0.0020201559398343
Africa:Senegal:Diourbel,,,2021,0.0047162003497381,0.011552208463804,0.0018588031890218
Africa:Senegal:Diourbel,,,2022,0.0047129793196818,0.0125693478245204,0.0017209985926769
Africa:Senegal:Diourbel,,,2023,0.0047112463265457,0.0135652334389414,0.0016012865593958
Africa:Senegal:Diourbel,,,2024,0.0047107060028673,0.0146082332123907,0.0014945862683398
Africa:Senegal:Diourbel,,,2025,0.0047099995362789,0.0156385892518399,0.0014008509955294
Africa:Senegal:Fatick,,,1990,0.0114718057278035,0.034184071410446,0.004620733515897
Africa:Senegal:Fatick,,,1991,0.0115665768739737,0.0311025696023265,0.0048472873856412
Africa:Senegal:Fatick,,,1992,0.0116926472359217,0.0279054620432239,0.0050719480449127
Africa:Senegal:Fatick,0.0192307692307692,0.0193838523963091,1993,0.0119071706994334,0.0243797141479257,0.0052745237788255
Africa:Senegal:Fatick,,,1994,0.0110222971870923,0.0252256218036656,0.0049655812647639
Africa:Senegal:Fatick,,,1995,0.0102978097771706,0.0252045389972662,0.0046294922248798
Africa:Senegal:Fatick,,,1996,0.0096600745380815,0.024647303211783,0.0043018292380904
Africa:Senegal:Fatick,,,1997,0.0090859889216674,0.0236938831352433,0.0040020844929707
Africa:Senegal:Fatick,,,1998,0.00856271395292,0.0224434606367406,0.0037353006543939
Africa:Senegal:Fatick,,,1999,0.0080813163134335,0.020964061613713,0.003496796394675
Africa:Senegal:Fatick,,,2000,0.0076365698722873,0.01932724895746,0.0032982687620311
Africa:Senegal:Fatick,,,2001,0.0072219468877682,0.0176014880674458,0.0031388767175906
Africa:Senegal:Fatick,,,2002,0.0068333136392419,0.0158263253045703,0.0030238850467821
Africa:Senegal:Fatick,,,2003,0.0064662049290397,0.014013912353639,0.0029496821708744
Africa:Senegal:Fatick,,,2004,0.0061154942748058,0.012213529957749,0.0029297788197056
Africa:Senegal:Fatick,0.0,0.0,2005,0.0057748410640341,0.0104684262157798,0.0029888411943446
Africa:Senegal:Fatick,,,2006,0.005504313487491,0.0104741663331559,0.0026373297142093
Africa:Senegal:Fatick,,,2007,0.005249652595941,0.01012971859104,0.0024040823103137
Africa:Senegal:Fatick,,,2008,0.0050020494394862,0.0095254805086373,0.002256468463238
Africa:Senegal:Fatick,,,2009,0.0047539906550296,0.0087719495996368,0.0021918134300696
Africa:Senegal:Fatick,0.0,0.0,2010,0.0044869054607021,0.0079902608901451,0.0022325395830247
Africa:Senegal:Fatick,,,2011,0.0049232785858558,0.0088684072620417,0.0025204650497982
Africa:Senegal:Fatick,0.0,0.0,2012,0.005383695160626,0.0098212133339355,0.0029036313620934
Africa:Senegal:Fatick,,,2013,0.0050713394475972,0.0094754772419743,0.0026591825919388
Africa:Senegal:Fatick,0.0022447233706669,0.0023943088926604,2014,0.0047974143057042,0.0085461251525756,0.0025474547762996
Africa:Senegal:Fatick,0.0046861788731995,0.0045270601210276,2015,0.0045420434532791,0.0079659189707308,0.0024145747610272
Africa:Senegal:Fatick,0.0030788333074203,0.002991655734392,2016,0.0041578265946504,0.0073818692136776,0.0021201927929315
Africa:Senegal:Fatick,0.0,0.0,2017,0.0039110537872611,0.0070749789926792,0.0019375445001627
Africa:Senegal:Fatick,0.0031495627692865,0.0031463692362503,2018,0.0042583840601928,0.007575290110439,0.0022172382326433
Africa:Senegal:Fatick,0.0,0.0,2019,0.0046112152432997,0.0087007298765857,0.0023472327327021
Africa:Senegal:Fatick,,,2020,0.0045987865998795,0.0098128202455028,0.0021264239355989
Africa:Senegal:Fatick,,,2021,0.0045955679624987,0.0108331957245793,0.0019432407721609
Africa:Senegal:Fatick,,,2022,0.0045944647812444,0.0118133824946772,0.0017897119248524
Africa:Senegal:Fatick,,,2023,0.0045946026927077,0.0128180027659319,0.0016542429643541
Africa:Senegal:Fatick,,,2024,0.0045949914129978,0.0138106993675876,0.0015380145654204
Africa:Senegal:Fatick,,,2025,0.0045963863915555,0.0148422441617117,0.001437470807017
Africa:Senegal:Kaffrine,,,1990,0.0119583391278926,0.035995299941797,0.0047397838817617
Africa:Senegal:Kaffrine,,,1991,0.0120594695981802,0.0327503932428994,0.0049700416878722
Africa:Senegal:Kaffrine,,,1992,0.012194842074299,0.0294207154121022,0.0051923220364669
Africa:Senegal:Kaffrine,0.0,0.0,1993,0.0124221787692141,0.0257155482661031,0.00538898332776
Africa:Senegal:Kaffrine,,,1994,0.0114987033555939,0.0265860066764869,0.0050783367900996
Africa:Senegal:Kaffrine,,,1995,0.0107421100890885,0.0265327749156092,0.0047405721075641
Africa:Senegal:Kaffrine,,,1996,0.0100764279229047,0.0259113776257124,0.0044129480523241
Africa:Senegal:Kaffrine,,,1997,0.0094774688530559,0.0248793054963369,0.0041110877727795
Africa:Senegal:Kaffrine,,,1998,0.0089318958931081,0.0235586190249915,0.0038373375642084
Africa:Senegal:Kaffrine,,,1999,0.0084309072844402,0.0220037977918048,0.0035973894094016
Africa:Senegal:Kaffrine,,,2000,0.0079669902202744,0.0202796284633911,0.0033989226374082
Africa:Senegal:Kaffrine,,,2001,0.0075358700568264,0.0184445590793701,0.0032351088046435
Africa:Senegal:Kaffrine,,,2002,0.0071316471051907,0.0165554457485546,0.0031147478077741
Africa:Senegal:Kaffrine,,,2003,0.0067500964649323,0.014645733998025,0.0030422932974188
Africa:Senegal:Kaffrine,,,2004,0.006386468597422,0.0127444657219905,0.0030212357751379
Africa:Senegal:Kaffrine,0.0,0.0,2005,0.0060350001302916,0.0108803142430987,0.0030800353450339
Africa:Senegal:Kaffrine,,,2006,0.0057488279625998,0.0108898702616923,0.0027284113928901
Africa:Senegal:Kaffrine,,,2007,0.0054819058221785,0.0105206467939386,0.0024938202153081
Africa:Senegal:Kaffrine,,,2008,0.0052225420988702,0.0098950922001161,0.0023474526352207
Africa:Senegal:Kaffrine,,,2009,0.0049629725873137,0.0090904918110212,0.0022852715097706
Africa:Senegal:Kaffrine,0.0022782364860068,0.0022430604211381,2010,0.0046827829240555,0.0082580759699363,0.0023356019511817
Africa:Senegal:Kaffrine,,,2011,0.0051465205687521,0.0092232839462953,0.0026034713360262
Africa:Senegal:Kaffrine,0.0,0.0,2012,0.0056329432839379,0.0102852819054317,0.002963356358086
Africa:Senegal:Kaffrine,,,2013,0.0053069826834914,0.0099806133909287,0.0027016075908924
Africa:Senegal:Kaffrine,0.0,0.0,2014,0.0050246041034495,0.0090369534761847,0.0025691602099619
Africa:Senegal:Kaffrine,0.0,0.0,2015,0.0047599234520207,0.0084334792262725,0.0024266958477068
Africa:Senegal:Kaffrine,0.0,0.0,2016,0.0043578978351327,0.0077996820757612,0.0021314508631252
Africa:Senegal:Kaffrine,0.0,0.0,2017,0.0040974692122704,0.0074511622201172,0.0019595898900419
Africa:Senegal:Kaffrine,0.0,0.0,2018,0.0044626555261959,0.0080018631516229,0.0022350140978198
Africa:Senegal:Kaffrine,0.0,0.0,2019,0.0048296687467745,0.0092038850407909,0.0023729415893773
Africa:Senegal:Kaffrine,,,2020,0.0048124627945066,0.0103749292607045,0.002160404948642
Africa:Senegal:Kaffrine,,,2021,0.0048067632271233,0.0114508020670987,0.0019813710877803
Africa:Senegal:Kaffrine,,,2022,0.0048037861574419,0.0125019248698245,0.0018297167431656
Africa:Senegal:Kaffrine,,,2023,0.004802358659663,0.0135480377247812,0.0016976376385534
Africa:Senegal:Kaffrine,,,2024,0.0048021212438705,0.0146132990132744,0.0015822613587202
Africa:Senegal:Kaffrine,,,2025,0.0048019534335791,0.0156779058260065,0.0014769742113437
Africa:Senegal:Kaolack,,,1990,0.0114293174205147,0.0344751653794775,0.0044696511123681
Africa:Senegal:Kaolack,,,1991,0.0115182208226192,0.0314362852010942,0.0046959236118593
Africa:Senegal:Kaolack,,,1992,0.0116353114598036,0.028329403408502,0.0049159605820338
Africa:Senegal:Kaolack,0.0076923076923076,0.0075791258445422,1993,0.011829677930177,0.0249177200947892,0.0051231611260376
Africa:Senegal:Kaolack,,,1994,0.0109694969301511,0.0256335365446778,0.0048048629242063
Africa:Senegal:Kaolack,,,1995,0.0102566958796133,0.0255396488232146,0.0044746480150843
Africa:Senegal:Kaolack,,,1996,0.0096268000524433,0.0249261837942436,0.0041590610567157
Africa:Senegal:Kaolack,,,1997,0.0090579210036188,0.0239524068700983,0.0038684763377175
Africa:Senegal:Kaolack,,,1998,0.0085386120729342,0.0226713181963876,0.0036119169511107
Africa:Senegal:Kaolack,,,1999,0.0080600758165091,0.0212024838438869,0.003384851267486
Africa:Senegal:Kaolack,,,2000,0.0076160469548958,0.0195796545133396,0.0031947910723464
Africa:Senegal:Kaolack,,,2001,0.0072019015865384,0.0178489359484208,0.0030415358287735
Africa:Senegal:Kaolack,,,2002,0.006812989789449,0.016063839092855,0.0029296653505996
Africa:Senegal:Kaolack,,,2003,0.0064448593746477,0.0142615850584068,0.0028572286355336
Africa:Senegal:Kaolack,,,2004,0.0060930023900246,0.0124837943773278,0.0028339733220605
Africa:Senegal:Kaolack,0.0,0.0,2005,0.0057501947152418,0.010772922228273,0.0028861593395714
Africa:Senegal:Kaolack,,,2006,0.0054823511691232,0.0107341895529689,0.0025533971967016
Africa:Senegal:Kaolack,,,2007,0.0052282384928692,0.0103597700434972,0.0023298176422643
Africa:Senegal:Kaolack,,,2008,0.0049813090453424,0.0097586568472063,0.0021902771825202
Africa:Senegal:Kaolack,,,2009,0.0047346842767754,0.0090144263820977,0.0021262149284418
Africa:Senegal:Kaolack,0.0,0.0,2010,0.0044698597970642,0.0082242654224471,0.002161089439904
Africa:Senegal:Kaolack,,,2011,0.0049044026949577,0.009054398447803,0.0024596061666048
Africa:Senegal:Kaolack,0.0078597677925355,0.005191499207177,2012,0.0053689237885981,0.0099130494481174,0.0028513479234066
Africa:Senegal:Kaolack,,,2013,0.0050567919506185,0.0096376705732466,0.0025896441479009
Africa:Senegal:Kaolack,0.0,0.0,2014,0.0047830849888016,0.0087924198028791,0.0024578623193341
Africa:Senegal:Kaolack,0.0,0.0,2015,0.0045291133945615,0.0082269622310775,0.0023191214307098
Africa:Senegal:Kaolack,0.0,0.0,2016,0.0041477183541013,0.0076182897015929,0.0020328138376979
Africa:Senegal:Kaolack,0.0027894690545346,0.0028056851837043,2017,0.0038983848569521,0.0072627259279417,0.0018776878805409
Africa:Senegal:Kaolack,0.0034277241687873,0.0033915068660237,2018,0.0042407736386744,0.0077421194286363,0.002163880157513
Africa:Senegal:Kaolack,0.0024703178619012,0.0025759328976431,2019,0.0045930248829093,0.0087965559678693,0.0023068666480125
Africa:Senegal:Kaolack,,,2020,0.0045827209144784,0.0098825950351718,0.0020912026199593
Africa:Senegal:Kaolack,,,2021,0.0045806700484459,0.0108918479944063,0.0019116072902667
Africa:Senegal:Kaolack,,,2022,0.0045798230070395,0.0118637323829545,0.0017608234941888
Africa:Senegal:Kaolack,,,2023,0.0045799283106657,0.0128342502484777,0.001628968469435
Africa:Senegal:Kaolack,,,2024,0.0045802423266577,0.0137973805948473,0.0015148179384912
Africa:Senegal:Kaolack,,,2025,0.0045816014025499,0.014809327270324,0.0014165028441505
