state,unmet_need,se.unmet_need,year,country,pred,pred_upper,pred_lower
Africa:Senegal:Dakar,,,1990,,0.1024287389398174,0.1883672445239261,0.0532601603274498
Africa:Senegal:Dakar,,,1991,,0.1021996007891203,0.1706867118543981,0.0593314230685386
Africa:Senegal:Dakar,,,1992,,0.1017403544100803,0.1501996125639293,0.0677173439297423
Africa:Senegal:Dakar,0.1,0.0099312326720092,1993,Senegal,0.1010572594312888,0.122059167939443,0.0833244321435331
Africa:Senegal:Dakar,,,1994,,0.1034385231523617,0.1494537726070781,0.0705301332283579
Africa:Senegal:Dakar,,,1995,,0.1056336051674546,0.1674114426876489,0.0651073498087491
Africa:Senegal:Dakar,,,1996,,0.1076288971171382,0.1807075882217532,0.0621748619203569
Africa:Senegal:Dakar,,,1997,,0.1094119044577584,0.1904405981241065,0.0606417410943626
Africa:Senegal:Dakar,,,1998,,0.1109710245724834,0.1970189164535955,0.0600899624837549
Africa:Senegal:Dakar,,,1999,,0.1122963209414495,0.2005979465939526,0.0603479117228494
Africa:Senegal:Dakar,,,2000,,0.1133797398680237,0.2011815543528387,0.0613792446701722
Africa:Senegal:Dakar,,,2001,,0.1142152578244469,0.1986436069743808,0.0632591018461931
Africa:Senegal:Dakar,,,2002,,0.114799022048653,0.1927019369956272,0.0662035355018795
Africa:Senegal:Dakar,,,2003,,0.1151293975704065,0.1827903162928959,0.0706902915720223
Africa:Senegal:Dakar,,,2004,,0.1152073296047319,0.1676322716417967,0.0778535580294243
Africa:Senegal:Dakar,0.1138203916360602,0.0135057881244578,2005,Senegal,0.1151865413901824,0.1427917302437577,0.0923560784149859
Africa:Senegal:Dakar,,,2006,,0.1170798353118705,0.1667728102636861,0.0811227888217952
Africa:Senegal:Dakar,,,2007,,0.1188930043380175,0.1787300833763099,0.0778614550755899
Africa:Senegal:Dakar,,,2008,,0.1204740308529603,0.1823487085871478,0.0785108110553042
Africa:Senegal:Dakar,,,2009,,0.1218294876992353,0.1775440031385663,0.0828819195942648
Africa:Senegal:Dakar,0.1395389497778077,0.0235964094629523,2010,Senegal,0.1231436291345211,0.1613912216508173,0.0934437277547022
Africa:Senegal:Dakar,,,2011,,0.1093040618857339,0.1514668991971555,0.0785433777476372
Africa:Senegal:Dakar,0.1023428315560265,0.0179544328457685,2012,Senegal,0.0968911897002461,0.126307638239131,0.0739924519652614
Africa:Senegal:Dakar,,,2013,,0.0807459138209258,0.1134682818088927,0.0570431314960228
Africa:Senegal:Dakar,0.0693728034784054,0.0187068338371722,2014,Senegal,0.0668991740061235,0.0907074786997827,0.0489676160325623
Africa:Senegal:Dakar,0.0490727147743654,0.0108277536772854,2015,Senegal,0.0547619325724491,0.0725801697067206,0.0409438722836542
Africa:Senegal:Dakar,0.0383253477145381,0.0146695970900566,2016,Senegal,0.0483243846554447,0.0657636259941892,0.0350511953867805
Africa:Senegal:Dakar,0.042254348734447,0.0075166065061195,2017,Senegal,0.0444813470585669,0.0577661910472992,0.034043479237319
Africa:Senegal:Dakar,0.0374647403074851,0.0103643752931571,2018,Senegal,0.0429845952713145,0.0595635868676681,0.0307342668740566
Africa:Senegal:Dakar,0.0492151107684989,0.0212228456932914,2019,Senegal,0.0444161177755298,0.0681278708054639,0.0286263608365328
Africa:Senegal:Dakar,,,2020,,0.0451242242232963,0.0786607689391069,0.0254314166180188
Africa:Senegal:Dakar,,,2021,,0.0456775233710623,0.0881022767369009,0.0231315716293113
Africa:Senegal:Dakar,,,2022,,0.0461233708915889,0.0970021938279205,0.0212965251298332
Africa:Senegal:Dakar,,,2023,,0.0464590875066506,0.1055883810464036,0.0197357861404252
Africa:Senegal:Dakar,,,2024,,0.0466824396047954,0.1139089816053724,0.0183515318853579
Africa:Senegal:Dakar,,,2025,,0.0467922272204648,0.1220060265607966,0.0170963393502332
Africa:Senegal:Sédhiou,,,1990,,0.1944252955632451,0.4529130338430058,0.0669720514465667
Africa:Senegal:Sédhiou,,,1991,,0.1941690740672097,0.4381051505726775,0.0705884255452179
Africa:Senegal:Sédhiou,,,1992,,0.1936532069181107,0.4237490878226435,0.0740582470563404
Africa:Senegal:Sédhiou,0.3,6.938893903907231e-17,1993,Senegal,0.1928993149780299,0.4099134879004629,0.0773467238033316
Africa:Senegal:Sédhiou,,,1994,,0.1918096911987023,0.3969904485730435,0.0802183622555646
Africa:Senegal:Sédhiou,,,1995,,0.1904881466249032,0.3846423284202895,0.0827968589144624
Africa:Senegal:Sédhiou,,,1996,,0.1889196954691618,0.3728381629236685,0.0850597900134884
Africa:Senegal:Sédhiou,,,1997,,0.1871093473653761,0.3614937236943596,0.087008901536932
Africa:Senegal:Sédhiou,,,1998,,0.185062813471954,0.3504744334653205,0.0886406311879206
Africa:Senegal:Sédhiou,,,1999,,0.1827863689881411,0.339592017119986,0.0900230871261005
Africa:Senegal:Sédhiou,,,2000,,0.1802870084907691,0.3285998147805007,0.091258640737898
Africa:Senegal:Sédhiou,,,2001,,0.1775727194691907,0.3171875428070107,0.0924630484319544
Africa:Senegal:Sédhiou,,,2002,,0.1746530642337175,0.3049693248919859,0.0937996765720486
Africa:Senegal:Sédhiou,,,2003,,0.1715396332806005,0.2914962909318019,0.0954354031690172
Africa:Senegal:Sédhiou,,,2004,,0.1682464864927609,0.2762236803907348,0.0977589770345374
Africa:Senegal:Sédhiou,0.1857219503779539,0.0682934260898115,2005,Senegal,0.1650003757989273,0.2583645487370508,0.1014688104262507
Africa:Senegal:Sédhiou,,,2006,,0.1569465985949586,0.2520548878367971,0.0939804265662084
Africa:Senegal:Sédhiou,,,2007,,0.1492275280000704,0.24151024839998,0.0887360730056274
Africa:Senegal:Sédhiou,,,2008,,0.1416396042766889,0.2269367749012528,0.0853251912599376
Africa:Senegal:Sédhiou,,,2009,,0.1341912388846344,0.2081887532455043,0.0839445452159911
Africa:Senegal:Sédhiou,0.1168783648591859,0.0340876802813205,2010,Senegal,0.1269941809603914,0.1847708169578372,0.085416363473836
Africa:Senegal:Sédhiou,,,2011,,0.1229681100014357,0.1837365834090296,0.0805299618953139
Africa:Senegal:Sédhiou,0.1673879033212305,0.0591230242655609,2012,Senegal,0.1190483239477991,0.174474939445741,0.0798719728429935
Africa:Senegal:Sédhiou,,,2013,,0.1064172839451182,0.1585945644965766,0.0698178801346949
Africa:Senegal:Sédhiou,0.0659272531143886,0.0730551164721634,2014,Senegal,0.0947555935489892,0.1364096408046979,0.0642429716508479
Africa:Senegal:Sédhiou,0.0621979886301256,0.0118111470933126,2015,Senegal,0.0856721529424936,0.1118155317696914,0.0647314947673429
Africa:Senegal:Sédhiou,0.1199039186747407,0.0240080897623291,2016,Senegal,0.1035818312504907,0.1336348259917998,0.0798007948621879
Africa:Senegal:Sédhiou,0.140957258359418,0.0301836980677102,2017,Senegal,0.1109462773517738,0.1451881601141185,0.0844414132398522
Africa:Senegal:Sédhiou,0.0711105735523763,0.0292050961641374,2018,Senegal,0.1019129712832075,0.1375503942240226,0.074626981824306
Africa:Senegal:Sédhiou,0.0992583754610177,0.0159409866860798,2019,Senegal,0.1007882595340012,0.1313015200936874,0.0766978295023692
Africa:Senegal:Sédhiou,,,2020,,0.1018217891247846,0.1559400728392387,0.0649194602216134
Africa:Senegal:Sédhiou,,,2021,,0.1025910357103264,0.1754597354555317,0.0577329537886186
Africa:Senegal:Sédhiou,,,2022,,0.103208151321025,0.1928332844925915,0.0524123632832801
Africa:Senegal:Sédhiou,,,2023,,0.1036726661449691,0.208922785093679,0.0481204758250888
Africa:Senegal:Sédhiou,,,2024,,0.1039832589599222,0.2240800348937661,0.0444819536412524
Africa:Senegal:Sédhiou,,,2025,,0.1041389282524182,0.2385047973546827,0.0412926244754409
Africa:Senegal:Tambacounda,,,1990,,0.2016476947254431,0.3877793763674779,0.0918035480558177
Africa:Senegal:Tambacounda,,,1991,,0.2026790762790312,0.3698384852614333,0.0997528608714815
Africa:Senegal:Tambacounda,,,1992,,0.2048018155106944,0.3524936815534568,0.1095316089634699
Africa:Senegal:Tambacounda,0.25,0.0790569415042094,1993,Senegal,0.2080814259377862,0.3349666186244441,0.1217995521931127
Africa:Senegal:Tambacounda,,,1994,,0.2039526600424835,0.3376041618023469,0.1153393422979299
Africa:Senegal:Tambacounda,,,1995,,0.2010007344573399,0.3391642119372132,0.1109735623264905
Africa:Senegal:Tambacounda,,,1996,,0.1991553736322756,0.3401945312593032,0.1082022455805409
Africa:Senegal:Tambacounda,,,1997,,0.1983895917326235,0.3409881353523133,0.1069161476175707
Africa:Senegal:Tambacounda,,,1998,,0.1986911321454835,0.34166320704537,0.1069903534132245
Africa:Senegal:Tambacounda,,,1999,,0.2000615691825553,0.3422416659015468,0.1083881745967677
Africa:Senegal:Tambacounda,,,2000,,0.2025149233622733,0.3426276569520115,0.1112461039342442
Africa:Senegal:Tambacounda,,,2001,,0.206078917251932,0.3425937232139194,0.1157744572981833
Africa:Senegal:Tambacounda,,,2002,,0.2107961467904235,0.3417772917514708,0.1222964992285059
Africa:Senegal:Tambacounda,,,2003,,0.21672727306217,0.3395308140483865,0.131430747916951
Africa:Senegal:Tambacounda,,,2004,,0.2239691756362085,0.3345707053528689,0.1441783155148992
Africa:Senegal:Tambacounda,0.3018767738155927,0.0623413874974685,2005,Senegal,0.232990847246911,0.3244853113094805,0.1626987809874487
Africa:Senegal:Tambacounda,,,2006,,0.2149721878722066,0.3159565795483444,0.1416636003293573
Africa:Senegal:Tambacounda,,,2007,,0.199421905602512,0.3005513443636656,0.1279074392681787
Africa:Senegal:Tambacounda,,,2008,,0.1857768703121145,0.2799498881223098,0.1194485688760649
Africa:Senegal:Tambacounda,,,2009,,0.1738386013372043,0.25436305633582,0.1159529298709654
Africa:Senegal:Tambacounda,0.192122841172597,0.0406587393283431,2010,Senegal,0.1636047646681851,0.2220071392197622,0.1187839389188244
Africa:Senegal:Tambacounda,,,2011,,0.1405336123155977,0.1969983181652846,0.0983639030369848
Africa:Senegal:Tambacounda,0.1104093318245415,0.023902819386799,2012,Senegal,0.1211297050697962,0.1625188563282779,0.0888646698986626
Africa:Senegal:Tambacounda,,,2013,,0.1107318242298556,0.1568929098415375,0.0762799817740447
Africa:Senegal:Tambacounda,0.0528460950841233,0.0219038704558809,2014,Senegal,0.1015698289404597,0.140747064334461,0.0717869216543294
Africa:Senegal:Tambacounda,0.1442074737490347,0.0288796640634055,2015,Senegal,0.107307288578964,0.1413972674092075,0.0808864631797923
Africa:Senegal:Tambacounda,0.0887559348507738,0.0231518867250583,2016,Senegal,0.0925855267843278,0.1241702030739666,0.0682728051217093
Africa:Senegal:Tambacounda,0.0647965626375286,0.0212254618723273,2017,Senegal,0.0810694508497313,0.1128229527596173,0.0573032000198333
Africa:Senegal:Tambacounda,0.0927151239060167,0.0393666687056692,2018,Senegal,0.0761299820106486,0.1111246876288751,0.0511604082049922
Africa:Senegal:Tambacounda,0.0591305835492343,0.0218872945417221,2019,Senegal,0.0698404547937463,0.1073895996474344,0.0443202365875217
Africa:Senegal:Tambacounda,,,2020,,0.067426116012781,0.1160831384548308,0.0374983829198186
Africa:Senegal:Tambacounda,,,2021,,0.0654035264251108,0.1234101267758475,0.0326863662308891
Africa:Senegal:Tambacounda,,,2022,,0.0638246251918134,0.1304187654001778,0.029057348508905
Africa:Senegal:Tambacounda,,,2023,,0.0626662390964,0.1376018788269851,0.0262233429707518
Africa:Senegal:Tambacounda,,,2024,,0.0619095903785168,0.1452789626803578,0.0239513156159988
Africa:Senegal:Tambacounda,,,2025,,0.0615416234166617,0.153679627831559,0.0221057470083545
Africa:Senegal:Thiès,,,1990,,0.167808054970153,0.2980933031086042,0.0878078544050807
Africa:Senegal:Thiès,,,1991,,0.1669917763956566,0.274394180660964,0.0963920382628496
Africa:Senegal:Thiès,,,1992,,0.1653594489941063,0.2469044873207105,0.1071302857143117
Africa:Senegal:Thiès,0.160377358490566,0.0236710801009956,1993,Senegal,0.1629507771010439,0.2120715401749186,0.1233707186905712
Africa:Senegal:Thiès,,,1994,,0.1629155315785939,0.2369583280340501,0.1089745884385489
Africa:Senegal:Thiès,,,1995,,0.1620891509356955,0.2516580655484937,0.1005705945072909
Africa:Senegal:Thiès,,,1996,,0.1604688185398745,0.2600565287284405,0.0947337980702412
Africa:Senegal:Thiès,,,1997,,0.1580702424209065,0.2634887316304991,0.0903188794586075
Africa:Senegal:Thiès,,,1998,,0.1549185611867292,0.2627605380418192,0.0868165974546672
Africa:Senegal:Thiès,,,1999,,0.1510497040902567,0.2583266801070356,0.0839787319113099
Africa:Senegal:Thiès,,,2000,,0.1465102086454272,0.2504453483839112,0.081702328179291
Africa:Senegal:Thiès,,,2001,,0.141356734768123,0.2392281882425679,0.0799908261085086
Africa:Senegal:Thiès,,,2002,,0.1356551374230493,0.2246492371022257,0.0789564831651116
Africa:Senegal:Thiès,,,2003,,0.1294794611005828,0.2064760568471949,0.0788782552203746
Africa:Senegal:Thiès,,,2004,,0.122911477067388,0.1841576300858951,0.0803963146810391
Africa:Senegal:Thiès,0.116612158308779,0.0205251781758082,2005,Senegal,0.1161960966499277,0.1559135612245077,0.0855979223774495
Africa:Senegal:Thiès,,,2006,,0.1081373796081714,0.1609043482315639,0.0714908255928025
Africa:Senegal:Thiès,,,2007,,0.1001989143773923,0.1569801168126923,0.0627216831974292
Africa:Senegal:Thiès,,,2008,,0.0922926876841694,0.1472039438003543,0.056750736558831
Africa:Senegal:Thiès,,,2009,,0.0844953705312816,0.1329288855339573,0.0528031078863474
Africa:Senegal:Thiès,0.088366169723234,0.0308363206262435,2010,Senegal,0.0769473992946123,0.114841445794713,0.0508958365060847
Africa:Senegal:Thiès,,,2011,,0.066832153775273,0.1004028568248873,0.0437619546800734
Africa:Senegal:Thiès,0.0440944281777143,0.0116758541457891,2012,Senegal,0.0576980832521375,0.0822785332453098,0.0398785061992789
Africa:Senegal:Thiès,,,2013,,0.0562680714716244,0.0846391503620583,0.0367803488738542
Africa:Senegal:Thiès,0.0247713266045684,0.0196015859230917,2014,Senegal,0.0544752166077464,0.0814621914144089,0.0359909564010762
Africa:Senegal:Thiès,0.1005044036990729,0.0348485220573425,2015,Senegal,0.055412247033356,0.0792473073456734,0.0386904863509395
Africa:Senegal:Thiès,0.0488730475833128,0.0135368219973611,2016,Senegal,0.0480731348199233,0.0656317863166491,0.0349978876921517
Africa:Senegal:Thiès,0.0315962734239774,0.006238917436686,2017,Senegal,0.0407144276225469,0.0542007391846597,0.0303357255264445
Africa:Senegal:Thiès,0.0361192615673131,0.0179007575072953,2018,Senegal,0.0429633912917503,0.0626588695707476,0.0291110092421436
Africa:Senegal:Thiès,0.0581215530220355,0.0245222224845673,2019,Senegal,0.0464940453318038,0.0726154240416746,0.0294619311843018
Africa:Senegal:Thiès,,,2020,,0.0481629629230131,0.0841708915291626,0.0271397502599266
Africa:Senegal:Thiès,,,2021,,0.0495513645474045,0.0947315029120759,0.025395797981285
Africa:Senegal:Thiès,,,2022,,0.0506880338636813,0.1047783613549863,0.0238882972941037
Africa:Senegal:Thiès,,,2023,,0.0515542415399109,0.1144465203579988,0.0224844373434564
Africa:Senegal:Thiès,,,2024,,0.0521359283111146,0.1237960160896797,0.0211164564702989
Africa:Senegal:Thiès,,,2025,,0.0524242663904588,0.1328251728346519,0.0197564602157404
Africa:Senegal:Ziguinchor,,,1990,,0.2104598971033502,0.4180694449389823,0.0913090631179793
Africa:Senegal:Ziguinchor,,,1991,,0.2103158660627397,0.3985695494996468,0.0979378516367516
Africa:Senegal:Ziguinchor,,,1992,,0.2099954803105418,0.3776434677579194,0.1053109659930739
Africa:Senegal:Ziguinchor,0.2307692307692307,0.0837922607649147,1993,Senegal,0.2095318339442268,0.3550264128684808,0.1138609830900886
Africa:Senegal:Ziguinchor,,,1994,,0.2053103439165566,0.3561746265945296,0.1086197921162647
Africa:Senegal:Ziguinchor,,,1995,,0.2010103746960538,0.3546938148837056,0.1044320433403478
Africa:Senegal:Ziguinchor,,,1996,,0.1966106749178861,0.3508223984544571,0.1010098649220948
Africa:Senegal:Ziguinchor,,,1997,,0.1921155910537799,0.3448146221257331,0.0983118226215489
Africa:Senegal:Ziguinchor,,,1998,,0.1875317018160803,0.3366419929695088,0.0962868130995478
Africa:Senegal:Ziguinchor,,,1999,,0.1828670841948424,0.3263590299201692,0.0949338810431852
Africa:Senegal:Ziguinchor,,,2000,,0.178130496881757,0.3139615118833523,0.0942966418823957
Africa:Senegal:Ziguinchor,,,2001,,0.1733315699170124,0.2992199897803566,0.0944863261408452
Africa:Senegal:Ziguinchor,,,2002,,0.1684807605772549,0.2818567634228658,0.0957216863703114
Africa:Senegal:Ziguinchor,,,2003,,0.1635898165360899,0.2614071506872411,0.098424967184599
Africa:Senegal:Ziguinchor,,,2004,,0.1586743045116255,0.2367305207703794,0.1035126780804818
Africa:Senegal:Ziguinchor,0.1597289633500336,0.0270711266602873,2005,Senegal,0.1539641689753395,0.2052162948636551,0.1138341610807474
Africa:Senegal:Ziguinchor,,,2006,,0.143215258325615,0.2090036848914052,0.095969439858734
Africa:Senegal:Ziguinchor,,,2007,,0.1331968173181903,0.2020330520368484,0.085472843812768
Africa:Senegal:Ziguinchor,,,2008,,0.1236663589963936,0.1877433750627776,0.0792768710996426
Africa:Senegal:Ziguinchor,,,2009,,0.1146079959993302,0.1671467105805487,0.0768265656595906
Africa:Senegal:Ziguinchor,0.0952959135502968,0.0166351902876095,2010,Senegal,0.1060655976298085,0.1393305729406562,0.0798335224643374
Africa:Senegal:Ziguinchor,,,2011,,0.1087352862134388,0.1523308152277717,0.0765847547283376
Africa:Senegal:Ziguinchor,0.142432456612789,0.0338620724761204,2012,Senegal,0.1114906864127649,0.1517723284598486,0.0812965903124263
Africa:Senegal:Ziguinchor,,,2013,,0.1005694568561581,0.1416465604495713,0.0704782540073904
Africa:Senegal:Ziguinchor,0.0777266626334812,0.0163227276249995,2014,Senegal,0.0904180671235411,0.1200950629000799,0.0672857502007806
Africa:Senegal:Ziguinchor,0.1111928126815481,0.040632022808752,2015,Senegal,0.0914542315162285,0.1252557672652106,0.0659363196172968
Africa:Senegal:Ziguinchor,0.0683244584870939,0.0228942099805623,2016,Senegal,0.0885596270834259,0.1205544600760412,0.0641455224929408
Africa:Senegal:Ziguinchor,0.0882381658912148,0.0174053819513907,2017,Senegal,0.0915707668392756,0.1211125761423792,0.0686334068222213
Africa:Senegal:Ziguinchor,0.1431767366441922,0.0434040792737201,2018,Senegal,0.0971386552698082,0.1391093746983023,0.0670639672223585
Africa:Senegal:Ziguinchor,0.01170845527393,0.0128212183537527,2019,Senegal,0.0917656190042009,0.1478879340294354,0.0554195993442558
Africa:Senegal:Ziguinchor,,,2020,,0.0924450533433698,0.1647034460320852,0.0498944351658537
Africa:Senegal:Ziguinchor,,,2021,,0.0929302779416925,0.1798043925363076,0.0456178838341719
Africa:Senegal:Ziguinchor,,,2022,,0.0933188748423467,0.1940892546614457,0.0420934456054191
Africa:Senegal:Ziguinchor,,,2023,,0.0936105588225354,0.2077364384729435,0.0390699988707119
Africa:Senegal:Ziguinchor,,,2024,,0.0938049402947387,0.2209331765264249,0.0364011420947971
Africa:Senegal:Ziguinchor,,,2025,,0.0939017540354562,0.2337812741180968,0.0339992681732168
Africa:Senegal:Kédougou,,,1990,,0.1441676008007421,0.3993822171200832,0.0428901405775592
Africa:Senegal:Kédougou,,,1991,,0.1442174897711048,0.3874688781405816,0.0452643164925254
Africa:Senegal:Kédougou,,,1992,,0.1444250860506955,0.3763485348556444,0.0477123894701282
Africa:Senegal:Kédougou,0.5,0.0,1993,Senegal,0.1448105463353634,0.3660558517931405,0.0502231078105402
Africa:Senegal:Kédougou,,,1994,,0.1453004150318854,0.3568604219417508,0.0526870574834988
Africa:Senegal:Kédougou,,,1995,,0.1459803928835181,0.3485457301864472,0.0551698700213614
Africa:Senegal:Kédougou,,,1996,,0.1468400600417089,0.3410282095795172,0.0576492883414518
Africa:Senegal:Kédougou,,,1997,,0.1478832321444815,0.3341996276017066,0.0601233316999326
Africa:Senegal:Kédougou,,,1998,,0.1491119188661526,0.3280407709236589,0.0626026367424962
Africa:Senegal:Kédougou,,,1999,,0.1505262459195245,0.3224422987623867,0.0651143802615216
Africa:Senegal:Kédougou,,,2000,,0.1521261196835393,0.3172240696551124,0.0677075191288029
Africa:Senegal:Kédougou,,,2001,,0.1539055505032291,0.3121890387213164,0.070458254644609
Africa:Senegal:Kédougou,,,2002,,0.1558624132277793,0.3072824779112146,0.0734436683126334
Africa:Senegal:Kédougou,,,2003,,0.1579929910594924,0.302235983486186,0.0767568151074657
Africa:Senegal:Kédougou,,,2004,,0.1602940955078321,0.2966261373601576,0.0806338879145172
Africa:Senegal:Kédougou,0.3333333333333333,6.938893903907231e-18,2005,Senegal,0.1629699732165634,0.2904492204988571,0.0853647570575506
Africa:Senegal:Kédougou,,,2006,,0.1647421515904521,0.2815237736379506,0.0906380230502155
Africa:Senegal:Kédougou,,,2007,,0.1668779941127278,0.2706195143124028,0.0976854970622165
Africa:Senegal:Kédougou,,,2008,,0.1691725461618627,0.2561739282587789,0.1073927157675498
Africa:Senegal:Kédougou,,,2009,,0.1716292975012411,0.2353527787252771,0.1223375936943067
Africa:Senegal:Kédougou,0.1749285857223894,0.0096979494960959,2010,Senegal,0.1744068000511441,0.1937715952142958,0.1566118919790324
Africa:Senegal:Kédougou,,,2011,,0.1724109924937114,0.227849966798583,0.1287286269937432
Africa:Senegal:Kédougou,0.2132087414797358,0.0589375315379594,2012,Senegal,0.1708680021057207,0.2308104802697977,0.1247084347922128
Africa:Senegal:Kédougou,,,2013,,0.1574859338640157,0.2214491058269525,0.1095291500841895
Africa:Senegal:Kédougou,0.1114527534986137,0.0353098166942095,2014,Senegal,0.1449714878609645,0.1986876161612391,0.1035608360756824
Africa:Senegal:Kédougou,0.1719698978736558,0.0478958106652404,2015,Senegal,0.1455316314618417,0.1979300289518027,0.1052818171159747
Africa:Senegal:Kédougou,0.0710357179707461,0.0544984665701022,2016,Senegal,0.1384527594396119,0.1916931687312138,0.0980599695633111
Africa:Senegal:Kédougou,0.1529980307312802,0.0521137585614242,2017,Senegal,0.1355350219584636,0.1790753632487626,0.1013769341932669
Africa:Senegal:Kédougou,0.1290665012128367,0.010645721954034,2018,Senegal,0.128608240675131,0.1490881826918065,0.1105772081539196
Africa:Senegal:Kédougou,0.1106576263043858,0.0252093079493615,2019,Senegal,0.1209888529760012,0.1597044955079461,0.090296805896861
Africa:Senegal:Kédougou,,,2020,,0.1204127568075179,0.1845420526098944,0.0759465064452024
Africa:Senegal:Kédougou,,,2021,,0.1198136780474241,0.2040235680392408,0.0668486183124866
Africa:Senegal:Kédougou,,,2022,,0.1193330660380471,0.2212826000288243,0.060130675907666
Africa:Senegal:Kédougou,,,2023,,0.1189732106686903,0.2372949552164157,0.0548115055831569
Africa:Senegal:Kédougou,,,2024,,0.118734170267187,0.2525844578586654,0.050431637332453
Africa:Senegal:Kédougou,,,2025,,0.1186156698615081,0.2674826643239869,0.0467336876576995
Africa:Senegal:Kolda,,,1990,,0.1943774308428149,0.4054621067407156,0.0790881001275064
Africa:Senegal:Kolda,,,1991,,0.1953891517864527,0.3896133895892804,0.0853059922390476
Africa:Senegal:Kolda,,,1992,,0.1974848692450508,0.374755049814225,0.0928371556899506
Africa:Senegal:Kolda,0.2608695652173913,0.1099906420154464,1993,Senegal,0.2007200623752925,0.3604892112084487,0.1020371316080842
Africa:Senegal:Kolda,,,1994,,0.1985527726347902,0.3600072984148152,0.099697963225083
Africa:Senegal:Kolda,,,1995,,0.1975184144431341,0.3595088196425015,0.0986245833861607
Africa:Senegal:Kolda,,,1996,,0.1975767170149044,0.3591418156779764,0.0986646323622219
Africa:Senegal:Kolda,,,1997,,0.1987230490500524,0.3589015950198714,0.0998979219951793
Africa:Senegal:Kolda,,,1998,,0.2009670368099522,0.3587322167522174,0.1023898286416093
Africa:Senegal:Kolda,,,1999,,0.2043324613588917,0.3584877834143249,0.1062497035396756
Africa:Senegal:Kolda,,,2000,,0.2088557919789821,0.3579370886311381,0.1117899301702702
Africa:Senegal:Kolda,,,2001,,0.2145864478652917,0.3567089825770795,0.1193911659350314
Africa:Senegal:Kolda,,,2002,,0.2215882691313641,0.3541884335663919,0.1296401036949669
Africa:Senegal:Kolda,,,2003,,0.2299444182984314,0.349382949079182,0.1435933464304988
Africa:Senegal:Kolda,,,2004,,0.2397746225471801,0.3401953951704629,0.1632723120044235
Africa:Senegal:Kolda,0.2935970926019737,0.0394099404459804,2005,Senegal,0.2516829941334877,0.3209303662189124,0.193732380048898
Africa:Senegal:Kolda,,,2006,,0.2229378135927776,0.3126186132147187,0.1545338962694547
Africa:Senegal:Kolda,,,2007,,0.1981509403907979,0.2921050005137811,0.129513215619344
Africa:Senegal:Kolda,,,2008,,0.1765083450210408,0.2653462591522841,0.1129016997855619
Africa:Senegal:Kolda,,,2009,,0.1576544576110832,0.2341890377954617,0.1024639772141489
Africa:Senegal:Kolda,0.1327406243915574,0.0354967776390094,2010,Senegal,0.1413602173088705,0.1990566191617853,0.0979672081591772
Africa:Senegal:Kolda,,,2011,,0.1299239371421884,0.1882973820181104,0.0871613714091894
Africa:Senegal:Kolda,0.1228519019806622,0.0357479672825163,2012,Senegal,0.1201155889656505,0.1692124301185373,0.083397005379871
Africa:Senegal:Kolda,,,2013,,0.1103040946560069,0.1599600024970079,0.0738751173687144
Africa:Senegal:Kolda,0.0299635322791865,0.0233288012579947,2014,Senegal,0.1016771305115755,0.1426610725182861,0.0705647186637338
Africa:Senegal:Kolda,0.1053985394135517,0.0158414513466639,2015,Senegal,0.1018976633837713,0.1284739407797222,0.0801279841215577
Africa:Senegal:Kolda,0.0670664575154615,0.0163635042183379,2016,Senegal,0.0982116243419008,0.1271641890609635,0.074616505964342
Africa:Senegal:Kolda,0.1344972172272417,0.0241492482511038,2017,Senegal,0.1159613612360695,0.1481277444711146,0.090152981225636
Africa:Senegal:Kolda,0.1012544472680297,0.0445535839774112,2018,Senegal,0.1199991655615235,0.1596286608306467,0.0892339124370827
Africa:Senegal:Kolda,0.1390051311822924,0.0183949588104916,2019,Senegal,0.1291439249204125,0.1623941794864467,0.1019864052048269
Africa:Senegal:Kolda,,,2020,,0.1247342357755276,0.1857652416091764,0.081766167458144
Africa:Senegal:Kolda,,,2021,,0.1211141849036649,0.2015636733074856,0.0696793862866414
Africa:Senegal:Kolda,,,2022,,0.1182891183385896,0.2151352050482995,0.0611112135366667
Africa:Senegal:Kolda,,,2023,,0.116211059986184,0.2280347092518368,0.0546633611816187
Africa:Senegal:Kolda,,,2024,,0.114845862124477,0.2410462161880749,0.049649920277767
Africa:Senegal:Kolda,,,2025,,0.1141717351340165,0.2546573634217385,0.0456782765331613
Africa:Senegal:Louga,,,1990,,0.1507676910899866,0.3185614746415136,0.0631526285138722
Africa:Senegal:Louga,,,1991,,0.1503787859469929,0.3015045788767005,0.0675357899752075
Africa:Senegal:Louga,,,1992,,0.1495759370666052,0.284415257906964,0.071973575629248
Africa:Senegal:Louga,0.1463414634146341,0.0809997168695874,1993,Senegal,0.1483784774585158,0.2669822404161505,0.0765308266725791
Africa:Senegal:Louga,,,1994,,0.1469003454857212,0.2638573535226823,0.0760227510707466
Africa:Senegal:Louga,,,1995,,0.1450409872824759,0.259748102811519,0.0754401042050042
Africa:Senegal:Louga,,,1996,,0.1427969231276817,0.2548045822812517,0.0747142793356511
Africa:Senegal:Louga,,,1997,,0.1401838507391372,0.2490681054893906,0.0738688874113241
Africa:Senegal:Louga,,,1998,,0.1372209119441586,0.2425144135124705,0.0729512234880728
Africa:Senegal:Louga,,,1999,,0.1339303984033622,0.2349301975053029,0.0720298012258955
Africa:Senegal:Louga,,,2000,,0.130337182445874,0.226119828471293,0.0712048588156201
Africa:Senegal:Louga,,,2001,,0.1264680535871342,0.2158095199633443,0.070619652937128
Africa:Senegal:Louga,,,2002,,0.1223509859731497,0.2036305703423729,0.0704836875956765
Africa:Senegal:Louga,,,2003,,0.1180142033657749,0.1890559416101147,0.0711328421618291
Africa:Senegal:Louga,,,2004,,0.113484043069036,0.1713714717764481,0.0732147179685722
Africa:Senegal:Louga,0.1003205471847343,0.0196731164782322,2005,Senegal,0.108911501729175,0.1488491362736502,0.0785537641761313
Africa:Senegal:Louga,,,2006,,0.1104630908532762,0.1646345982283824,0.0725647738276457
Africa:Senegal:Louga,,,2007,,0.1118205903297205,0.1734271148313732,0.0705338767460525
Africa:Senegal:Louga,,,2008,,0.1128688727111274,0.1761959430155954,0.0709632716138176
Africa:Senegal:Louga,,,2009,,0.113619851000457,0.1727280220173751,0.0737567478690711
Africa:Senegal:Louga,0.1430505211762094,0.0340289947928881,2010,Senegal,0.1142206118116549,0.1616951963285619,0.0799911592692348
Africa:Senegal:Louga,,,2011,,0.1018062092566669,0.151127917461894,0.067848908315299
Africa:Senegal:Louga,0.0919322835006527,0.0395871772144313,2012,Senegal,0.090524855663651,0.1329127743023707,0.0608559327089597
Africa:Senegal:Louga,,,2013,,0.0796538115509312,0.117018683809276,0.0533533185736567
Africa:Senegal:Louga,0.0620752935001438,0.0152651846702429,2014,Senegal,0.0696745840076542,0.0956444727617056,0.0501092701705405
Africa:Senegal:Louga,0.046530764591127,0.0163030419733228,2015,Senegal,0.0652858614818233,0.0904171410098277,0.0464204376030274
Africa:Senegal:Louga,0.078545386250241,0.0232768689519076,2016,Senegal,0.067165464903152,0.0925146030651787,0.0482588151524577
Africa:Senegal:Louga,0.0528953555833398,0.0168438667712292,2017,Senegal,0.0643753260736395,0.0894087706981433,0.0457784031108268
Africa:Senegal:Louga,0.0706229498002269,0.0342273441754963,2018,Senegal,0.065443056370543,0.0927959330487693,0.0456190875124863
Africa:Senegal:Louga,0.0652764054714044,0.0137661752231036,2019,Senegal,0.0660406402243999,0.0916549668101952,0.0471656377204395
Africa:Senegal:Louga,,,2020,,0.0673392422855812,0.1080207864657058,0.0411840802414303
Africa:Senegal:Louga,,,2021,,0.068369767180578,0.1218620634879732,0.0373080970839795
Africa:Senegal:Louga,,,2022,,0.0692026475942705,0.1344978745544859,0.0343119080498811
Africa:Senegal:Louga,,,2023,,0.0698326698874951,0.1465084206632942,0.0317776947607338
Africa:Senegal:Louga,,,2024,,0.0702550348446035,0.1580296874383135,0.0295241980352367
Africa:Senegal:Louga,,,2025,,0.0704665149474593,0.1691668325538597,0.0274572982825726
Africa:Senegal:Matam,,,1990,,0.0977614721671381,0.2523663142881215,0.0344830198333321
Africa:Senegal:Matam,,,1991,,0.0979114789475893,0.2412936971835391,0.0367226273068689
Africa:Senegal:Matam,,,1992,,0.0982389975358209,0.2316437964863257,0.0389989309618188
Africa:Senegal:Matam,0.1875,0.0,1993,Senegal,0.0987587841256722,0.223350165120837,0.0413009200605648
Africa:Senegal:Matam,,,1994,,0.0994199369324797,0.2166497160569085,0.0434974571208336
Africa:Senegal:Matam,,,1995,,0.1002814796898367,0.2111951596961899,0.0456744195018937
Africa:Senegal:Matam,,,1996,,0.1013376816901637,0.2068902877414411,0.0478136042234881
Africa:Senegal:Matam,,,1997,,0.1025935460490302,0.2035814447659201,0.0499302829695149
Africa:Senegal:Matam,,,1998,,0.1040539460774381,0.2010630179162766,0.0520662564351801
Africa:Senegal:Matam,,,1999,,0.105724070162223,0.1991224370258854,0.0542932501305071
Africa:Senegal:Matam,,,2000,,0.1076086790502065,0.1975085749087058,0.0567045373783595
Africa:Senegal:Matam,,,2001,,0.1097133801605173,0.1957390339558806,0.0594791045684956
Africa:Senegal:Matam,,,2002,,0.1120461304277032,0.1932967667255083,0.0628601118515539
Africa:Senegal:Matam,,,2003,,0.1146158763908451,0.1896441557058746,0.0672147421470161
Africa:Senegal:Matam,,,2004,,0.1174324696698398,0.1836307914785654,0.0731889018993391
Africa:Senegal:Matam,0.1183737616505308,0.0288567442080535,2005,Senegal,0.1206628198418387,0.1737310161129078,0.0822767386026589
Africa:Senegal:Matam,,,2006,,0.1244960035768872,0.1909870448731036,0.078978936851462
Africa:Senegal:Matam,,,2007,,0.1288151426408221,0.2036234063924502,0.0789051331638128
Africa:Senegal:Matam,,,2008,,0.1334881802007433,0.211960870305599,0.0812227048604561
Africa:Senegal:Matam,,,2009,,0.1385394698528256,0.2157219444763143,0.0861087338884124
Africa:Senegal:Matam,0.1469185338762283,0.0656003593653795,2010,Senegal,0.1441124584771564,0.2138917170201804,0.0944911031017022
Africa:Senegal:Matam,,,2011,,0.1491115248850974,0.2154836512428444,0.1007196391391644
Africa:Senegal:Matam,0.1638978377459191,0.0336625366483865,2012,Senegal,0.1547245511896779,0.2062555611057753,0.1143169539273839
Africa:Senegal:Matam,,,2013,,0.1545167217508753,0.2108371223057308,0.1108364840642798
Africa:Senegal:Matam,0.1414145464862509,0.0256593911373406,2014,Senegal,0.1543826713261005,0.1969342629053661,0.1191501376789274
Africa:Senegal:Matam,0.0874258294599377,0.0382399581837649,2015,Senegal,0.1676336036338242,0.2147065280873457,0.1282658603593689
Africa:Senegal:Matam,0.2155982369686392,0.0131195199404158,2016,Senegal,0.2016484399824233,0.2259214109843838,0.1794941600806377
Africa:Senegal:Matam,0.1981896260813365,0.0391450555597144,2017,Senegal,0.1570250552781178,0.1963627546996005,0.124436259877584
Africa:Senegal:Matam,0.0730008804600188,0.0128940935476444,2018,Senegal,0.1028654676034587,0.1344223109160875,0.0773648148121375
Africa:Senegal:Matam,0.0181657114009869,0.0172442309381496,2019,Senegal,0.09521445162486,0.1437414607099895,0.0599488732492571
Africa:Senegal:Matam,,,2020,,0.0943965591116705,0.1587646993049499,0.0523374094125356
Africa:Senegal:Matam,,,2021,,0.0936029187879999,0.1719406510083602,0.0468127822076681
Africa:Senegal:Matam,,,2022,,0.0929631845822332,0.1843009788484452,0.0425014056775383
Africa:Senegal:Matam,,,2023,,0.0924843139313414,0.1962506690229119,0.0389812377572112
Africa:Senegal:Matam,,,2024,,0.0921669519474505,0.2082070468783065,0.0360192873770495
Africa:Senegal:Matam,,,2025,,0.0920124686061115,0.2203096977254191,0.0334609308720957
Africa:Senegal:Saint-Louis,,,1990,,0.1349366421414781,0.2852653338230259,0.0573942394321096
Africa:Senegal:Saint-Louis,,,1991,,0.1346445968289376,0.2683727594423569,0.0617912080325809
Africa:Senegal:Saint-Louis,,,1992,,0.1340435531618616,0.2505960033071146,0.0666285693108421
Africa:Senegal:Saint-Louis,0.1224489795918367,0.0490349310893569,1993,Senegal,0.1331481846277284,0.231923356840988,0.0721532671259573
Africa:Senegal:Saint-Louis,,,1994,,0.1339331690445335,0.2383510217994459,0.0706851579635234
Africa:Senegal:Saint-Louis,,,1995,,0.1344177962613318,0.2427645723917435,0.0697209664780928
Africa:Senegal:Saint-Louis,,,1996,,0.1345877943514088,0.245214071006437,0.0691094483852709
Africa:Senegal:Saint-Louis,,,1997,,0.1344435184784362,0.2459646200572581,0.0687820087891845
Africa:Senegal:Saint-Louis,,,1998,,0.1339868586250085,0.2449518010070096,0.0687139662415719
Africa:Senegal:Saint-Louis,,,1999,,0.1332213700998018,0.242142732986836,0.0689182336926248
Africa:Senegal:Saint-Louis,,,2000,,0.132153020993687,0.2374784885859849,0.069438444330861
Africa:Senegal:Saint-Louis,,,2001,,0.1307900597353882,0.2308083632373836,0.0703619728113828
Africa:Senegal:Saint-Louis,,,2002,,0.1291428754123108,0.2218709323400627,0.0718484998995582
Africa:Senegal:Saint-Louis,,,2003,,0.1272241068600592,0.2102731329914924,0.0741744391509365
Africa:Senegal:Saint-Louis,,,2004,,0.1250491270529809,0.1952542752595323,0.0778756253244856
Africa:Senegal:Saint-Louis,0.1240341863490364,0.0288300936490679,2005,Senegal,0.1227979111714748,0.1755707468336893,0.0843269815959238
Africa:Senegal:Saint-Louis,,,2006,,0.1188488285829301,0.1815219967454888,0.0760270349972165
Africa:Senegal:Saint-Louis,,,2007,,0.1149147123372841,0.1805412496216254,0.0712914976132731
Africa:Senegal:Saint-Louis,,,2008,,0.110843300383823,0.1737390186626988,0.0689900168465851
Africa:Senegal:Saint-Louis,,,2009,,0.106651266607877,0.1613715277838097,0.0690280641641392
Africa:Senegal:Saint-Louis,0.1001879420967378,0.0226242969827461,2010,Senegal,0.102439833623866,0.14275966761634,0.0725354747090117
Africa:Senegal:Saint-Louis,,,2011,,0.0990385961895186,0.1459310101074397,0.0660512769336215
Africa:Senegal:Saint-Louis,0.0715425342634301,0.0305165093999864,2012,Senegal,0.0956416245211243,0.1402914021374482,0.0641399827434092
Africa:Senegal:Saint-Louis,,,2013,,0.0966837551421432,0.1438497690794024,0.0642492329592673
Africa:Senegal:Saint-Louis,0.180889242014325,0.0596846294115563,2014,Senegal,0.0974419694909783,0.1388859431915196,0.0680701433972287
Africa:Senegal:Saint-Louis,0.0794950155072726,0.0209857732233303,2015,Senegal,0.0849491013957128,0.1160957645533204,0.0616445761793805
Africa:Senegal:Saint-Louis,0.0788524447237127,0.0219846096845315,2016,Senegal,0.0763111654571924,0.1049348822653466,0.0548940506377469
Africa:Senegal:Saint-Louis,0.0451827053698188,0.0163892867231075,2017,Senegal,0.066751982214771,0.0956832031211769,0.045719817990532
Africa:Senegal:Saint-Louis,0.0384120079221495,0.0266310775538177,2018,Senegal,0.0641914539170788,0.0976282530343166,0.0412254176132497
Africa:Senegal:Saint-Louis,0.0607405650512897,0.0235308072011299,2019,Senegal,0.064306008009965,0.1015980479195146,0.0397456283878576
Africa:Senegal:Saint-Louis,,,2020,,0.0653772932915871,0.1149166958336329,0.0358936191901262
Africa:Senegal:Saint-Louis,,,2021,,0.0662078722080132,0.1270195142227211,0.0329825234799063
Africa:Senegal:Saint-Louis,,,2022,,0.0668746453466682,0.138459701147575,0.0305793959763737
Africa:Senegal:Saint-Louis,,,2023,,0.0673769683060147,0.149522432392777,0.0284763387738499
Africa:Senegal:Saint-Louis,,,2024,,0.0677129095056425,0.1603002328244592,0.0265700579599455
Africa:Senegal:Saint-Louis,,,2025,,0.0678811023917408,0.1708144048578113,0.0248042229624843
Africa:Senegal:Diourbel,,,1990,,0.1091836387259517,0.2366845263497962,0.0465350093180078
Africa:Senegal:Diourbel,,,1991,,0.1097042376268521,0.2233425489868032,0.0505731729759171
Africa:Senegal:Diourbel,,,1992,,0.1107702377281221,0.2109858637290069,0.0553716398186868
Africa:Senegal:Diourbel,0.1320754716981132,0.0560053749861688,1993,Senegal,0.1124140817798972,0.1991569789054353,0.0612133352116926
Africa:Senegal:Diourbel,,,1994,,0.1116350418723774,0.2009043090944277,0.0597658499237499
Africa:Senegal:Diourbel,,,1995,,0.111426476351667,0.2023686660029795,0.0590117262914563
Africa:Senegal:Diourbel,,,1996,,0.1117705098375463,0.203811975725321,0.0588983598007719
Africa:Senegal:Diourbel,,,1997,,0.1126700392514637,0.2053515556782965,0.0593271992228855
Africa:Senegal:Diourbel,,,1998,,0.1141350633595956,0.2069883325839186,0.060361861380841
Africa:Senegal:Diourbel,,,1999,,0.1161825581629941,0.2086507293671323,0.0620518226165319
Africa:Senegal:Diourbel,,,2000,,0.1188369658493455,0.2101691560833909,0.0645111769291886
Africa:Senegal:Diourbel,,,2001,,0.1221303892022181,0.2112449371400268,0.0679245638872792
Africa:Senegal:Diourbel,,,2002,,0.1261035564903828,0.2114120852444375,0.0726145418907033
Africa:Senegal:Diourbel,,,2003,,0.1308081991576296,0.209909097071568,0.0791591927895709
Africa:Senegal:Diourbel,,,2004,,0.1363157630450845,0.2053350671919431,0.0886055819837146
Africa:Senegal:Diourbel,0.1606559667249899,0.0302630098722254,2005,Senegal,0.1429429450652466,0.1945944471476973,0.1036476749740299
Africa:Senegal:Diourbel,,,2006,,0.1368416485148277,0.2019651327334088,0.0909655238545138
Africa:Senegal:Diourbel,,,2007,,0.1318341359987598,0.2012935939472973,0.0843157906704469
Africa:Senegal:Diourbel,,,2008,,0.1276086684369779,0.1947078380941706,0.0816088407455053
Africa:Senegal:Diourbel,,,2009,,0.124096753069335,0.1825249936804517,0.0826552228023701
Africa:Senegal:Diourbel,0.1260941059901824,0.0240553116705028,2010,Senegal,0.1213516602854305,0.162887148342403,0.0893234839650672
Africa:Senegal:Diourbel,,,2011,,0.1151147055409054,0.1649997610670001,0.078638689066187
Africa:Senegal:Diourbel,0.0853456848899471,0.0335161070276869,2012,Senegal,0.1098450307031711,0.1568791986879824,0.0751446502194571
Africa:Senegal:Diourbel,,,2013,,0.1104478195405814,0.1592978884127871,0.0747842713509597
Africa:Senegal:Diourbel,0.1005594218209972,0.0601122853300457,2014,Senegal,0.1114599675654028,0.1520241344949578,0.0804220804049769
Africa:Senegal:Diourbel,0.1153836618119421,0.0097214254958201,2015,Senegal,0.1151124838904582,0.1339390026192807,0.0986546826195926
Africa:Senegal:Diourbel,0.1940305767540966,0.0548297115201723,2016,Senegal,0.1187989649992923,0.1559230041486438,0.0904312015436021
Africa:Senegal:Diourbel,0.096087939446541,0.0255765774418542,2017,Senegal,0.1042814823394025,0.1394681147783971,0.0772834648764967
Africa:Senegal:Diourbel,0.1360484652327679,0.0396479242225634,2018,Senegal,0.0949224534379994,0.1312302696293849,0.0678451546539829
Africa:Senegal:Diourbel,0.0456130507615832,0.0146308710497118,2019,Senegal,0.0769857043448913,0.1127779031472571,0.0513004458935209
Africa:Senegal:Diourbel,,,2020,,0.0748431762171449,0.1236423513287791,0.0433754684527976
Africa:Senegal:Diourbel,,,2021,,0.0730039485138623,0.1325755649336623,0.0379693735227531
Africa:Senegal:Diourbel,,,2022,,0.0715569929464568,0.1408990038171805,0.0339062506963599
Africa:Senegal:Diourbel,,,2023,,0.0704895131102199,0.149225761553559,0.0306989451956228
Africa:Senegal:Diourbel,,,2024,,0.0697889783654193,0.1580283762277444,0.0280950297755949
Africa:Senegal:Diourbel,,,2025,,0.0694461728157555,0.1675455869142512,0.0259422237238835
Africa:Senegal:Fatick,,,1990,,0.1226034472136609,0.2436762476201491,0.0577156981877667
Africa:Senegal:Fatick,,,1991,,0.1223149057656945,0.2260169488804854,0.062840228702245
Africa:Senegal:Fatick,,,1992,,0.1217249008186618,0.2070537999349868,0.0688617599117863
Africa:Senegal:Fatick,0.125,0.0333601674321921,1993,Senegal,0.1208621853019638,0.1859879988574582,0.0764407175743993
Africa:Senegal:Fatick,,,1994,,0.1180192807765033,0.1926763187863183,0.0699899800273428
Africa:Senegal:Fatick,,,1995,,0.1149747554883257,0.1954791661672138,0.0651882193451985
Africa:Senegal:Fatick,,,1996,,0.1117208904265662,0.1953813832694871,0.0613418608101518
Africa:Senegal:Fatick,,,1997,,0.108271686287479,0.1930352383904957,0.0581451582055449
Africa:Senegal:Fatick,,,1998,,0.1046451874668399,0.1888697976074896,0.0554260021073413
Africa:Senegal:Fatick,,,1999,,0.1008621794338949,0.1831543727011167,0.0530350038786848
Africa:Senegal:Fatick,,,2000,,0.096945002565134,0.176069611606058,0.0509480976512547
Africa:Senegal:Fatick,,,2001,,0.092916014831442,0.1677199650380754,0.0491460935223802
Africa:Senegal:Fatick,,,2002,,0.0887993781656228,0.1582932841339112,0.0476377928370082
Africa:Senegal:Fatick,,,2003,,0.0846172821042038,0.1476515457797912,0.0464524963565978
Africa:Senegal:Fatick,,,2004,,0.0803898775009309,0.1358763676972062,0.0457175213798207
Africa:Senegal:Fatick,0.0582519925156762,0.0235367155978235,2005,Senegal,0.0762331570548398,0.1229086268630485,0.0457203072695783
Africa:Senegal:Fatick,,,2006,,0.075609915099357,0.1257748227739306,0.043728748125349
Africa:Senegal:Fatick,,,2007,,0.0748778865656056,0.1260198413222137,0.0427147951371315
Africa:Senegal:Fatick,,,2008,,0.073943071682208,0.1236605684298599,0.0424655692417751
Africa:Senegal:Fatick,,,2009,,0.0728094559545589,0.1186122939127597,0.0430669993485461
Africa:Senegal:Fatick,0.053310425493203,0.0194803514497051,2010,Senegal,0.071530914536473,0.1106379651821691,0.0449008450267182
Africa:Senegal:Fatick,,,2011,,0.0751175273126548,0.1190169179314576,0.0458687323559911
Africa:Senegal:Fatick,0.0806916755425064,0.0524584549773595,2012,Senegal,0.0787314750066823,0.1236630023204914,0.0485940743942448
Africa:Senegal:Fatick,,,2013,,0.081809036519691,0.1278812698568821,0.0507383923398902
Africa:Senegal:Fatick,0.0109760145429988,0.0126444353246515,2014,Senegal,0.0846637080559666,0.1270408144770146,0.0549584483032372
Africa:Senegal:Fatick,0.0891459846901186,0.0233573579224897,2015,Senegal,0.0931366997242165,0.1288126965692153,0.0664818962484917
Africa:Senegal:Fatick,0.1298529354797236,0.0367629465116117,2016,Senegal,0.1044670607583711,0.1428533499173855,0.0757397748764964
Africa:Senegal:Fatick,0.1118045948048026,0.0321038187962944,2017,Senegal,0.1070000338570724,0.1474735658904593,0.0768669056896254
Africa:Senegal:Fatick,0.1115218585755702,0.03560800251791,2018,Senegal,0.1072992620234732,0.1542151785275231,0.0736204995620563
Africa:Senegal:Fatick,0.0828710714049791,0.0546526619119252,2019,Senegal,0.1068504763864202,0.1682490329138778,0.0662858867249342
Africa:Senegal:Fatick,,,2020,,0.1086331363922976,0.187722198439934,0.0607218350434324
Africa:Senegal:Fatick,,,2021,,0.1100443886879151,0.2051858625562054,0.0563570860736213
Africa:Senegal:Fatick,,,2022,,0.1111834607246367,0.221475098592007,0.0526404271581966
Africa:Senegal:Fatick,,,2023,,0.1120419651540789,0.2370491491088418,0.0492967852158044
Africa:Senegal:Fatick,,,2024,,0.1126140280513482,0.2521290913626157,0.0461740127683324
Africa:Senegal:Fatick,,,2025,,0.1128962271754756,0.2667571752665476,0.0432065402599854
Africa:Senegal:Kaffrine,,,1990,,0.1214959860411278,0.2892301601580829,0.0446016908671999
Africa:Senegal:Kaffrine,,,1991,,0.1217583051726662,0.2770266373328631,0.0475952046657002
Africa:Senegal:Kaffrine,,,1992,,0.1223255917915758,0.2666106572078657,0.0506674328891189
Africa:Senegal:Kaffrine,0.2222222222222222,0.0,1993,Senegal,0.1232179555918217,0.2579295222093083,0.0538138600507743
Africa:Senegal:Kaffrine,,,1994,,0.1243774179845877,0.2513396252028421,0.0568429403405401
Africa:Senegal:Kaffrine,,,1995,,0.1258803694982182,0.2464757372590455,0.0598650260994133
Africa:Senegal:Kaffrine,,,1996,,0.1277239135264679,0.2431497042333083,0.062853168625371
Africa:Senegal:Kaffrine,,,1997,,0.1299184868524885,0.2412257339983647,0.0658343750722201
Africa:Senegal:Kaffrine,,,1998,,0.1324746103309753,0.2405015409856031,0.0688814004504189
Africa:Senegal:Kaffrine,,,1999,,0.1354036999129074,0.240619248553039,0.0721192878211334
Africa:Senegal:Kaffrine,,,2000,,0.1387189284522607,0.2412066136119845,0.0757279026100611
Africa:Senegal:Kaffrine,,,2001,,0.1424368024717018,0.2417575901697247,0.0799659666402165
Africa:Senegal:Kaffrine,,,2002,,0.1465790280619475,0.2415747457436145,0.085221093907431
Africa:Senegal:Kaffrine,,,2003,,0.1511742792927699,0.2396778469765519,0.092024865429755
Africa:Senegal:Kaffrine,,,2004,,0.1562669561870575,0.234578943670759,0.1014393939633796
Africa:Senegal:Kaffrine,0.1846384559356463,0.0375562169202115,2005,Senegal,0.1621652475118944,0.2233172564033808,0.1158489500270189
Africa:Senegal:Kaffrine,,,2006,,0.1546281724165384,0.2283765649989083,0.1025263586382367
Africa:Senegal:Kaffrine,,,2007,,0.1479976575870743,0.2250559109331035,0.0950467646828554
Africa:Senegal:Kaffrine,,,2008,,0.1419689640236636,0.2152580965226733,0.0915821557397171
Africa:Senegal:Kaffrine,,,2009,,0.1364946713725839,0.1990499379977963,0.0920474713970769
Africa:Senegal:Kaffrine,0.1362159986685492,0.0235939549734307,2010,Senegal,0.1316828081643042,0.1741379289325485,0.0986095931952493
Africa:Senegal:Kaffrine,,,2011,,0.1228512979992975,0.1769328768144928,0.0843974625792818
Africa:Senegal:Kaffrine,0.1903265783885164,0.0840763237701738,2012,Senegal,0.1150305347861276,0.1683952688012507,0.0779733950963729
Africa:Senegal:Kaffrine,,,2013,,0.1005235597075551,0.1486307568243517,0.0673179585360158
Africa:Senegal:Kaffrine,0.122728612308418,0.0759357866711228,2014,Senegal,0.087825030069307,0.1231706885947589,0.0620480295122248
Africa:Senegal:Kaffrine,0.0701456539859805,0.0085044655192853,2015,Senegal,0.0754779575490542,0.0920810590316472,0.0615615559563154
Africa:Senegal:Kaffrine,0.0680701393987202,0.0114115005846031,2016,Senegal,0.0765391922453371,0.0961022368824418,0.0605779955510379
Africa:Senegal:Kaffrine,0.1538408018411912,0.0375995599442902,2017,Senegal,0.0883540438480967,0.117478062592607,0.0664886280741643
Africa:Senegal:Kaffrine,0.0702441348677234,0.0154523164935672,2018,Senegal,0.0783500975284601,0.1063905535920009,0.0571900758990059
Africa:Senegal:Kaffrine,0.0594493597387319,0.0428045943967526,2019,Senegal,0.0755081332594296,0.1168906048551323,0.0477568322471372
Africa:Senegal:Kaffrine,,,2020,,0.0744413721248269,0.1289467796911686,0.0415377450418572
Africa:Senegal:Kaffrine,,,2021,,0.0734959850808678,0.1394202521571594,0.0370093907794604
Africa:Senegal:Kaffrine,,,2022,,0.072747297605127,0.1492938735808584,0.0334773871388829
Africa:Senegal:Kaffrine,,,2023,,0.0721905980770785,0.1590200221773689,0.0306106872777735
Africa:Senegal:Kaffrine,,,2024,,0.0718221851718642,0.1688772323654187,0.0282169152108849
Africa:Senegal:Kaffrine,,,2025,,0.0716395853897893,0.1790521966038027,0.0261820177720998
Africa:Senegal:Kaolack,,,1990,,0.1053011758709846,0.2360508650452603,0.0423882192411679
Africa:Senegal:Kaolack,,,1991,,0.1048863515485208,0.2212957721775239,0.0454539481583661
Africa:Senegal:Kaolack,,,1992,,0.1040331306432103,0.2058100830108447,0.048685113443392
Africa:Senegal:Kaolack,0.0769230769230769,0.0361956584584268,1993,Senegal,0.1027553435890828,0.1896675024861994,0.0522111883643407
Africa:Senegal:Kaolack,,,1994,,0.1053595522785164,0.1968499390692988,0.0526469793110339
Africa:Senegal:Kaolack,,,1995,,0.1075668099516494,0.2024215286837751,0.0532717089860864
Africa:Senegal:Kaolack,,,1996,,0.1093465421774256,0.206268824210819,0.0540068990181699
Africa:Senegal:Kaolack,,,1997,,0.110681897568081,0.2085409163562085,0.0548371427020962
Africa:Senegal:Kaolack,,,1998,,0.1115619484190564,0.2089588244038205,0.0557701038976065
Africa:Senegal:Kaolack,,,1999,,0.1119797418626532,0.2075378659476602,0.0568401654008165
Africa:Senegal:Kaolack,,,2000,,0.1119338993347816,0.2040559908894567,0.0581056732412415
Africa:Senegal:Kaolack,,,2001,,0.1114297699725677,0.198274447162076,0.0596709206002402
Africa:Senegal:Kaolack,,,2002,,0.1104768174235954,0.189919153069428,0.0617032894400241
Africa:Senegal:Kaolack,,,2003,,0.1090888922356404,0.1785507999098125,0.0645339295977623
Africa:Senegal:Kaolack,,,2004,,0.1072826738559517,0.1633276716922359,0.0688466192474959
Africa:Senegal:Kaolack,0.1004941809921477,0.0184577007660048,2005,Senegal,0.1052038425051625,0.1424375931282909,0.0767496377335957
Africa:Senegal:Kaolack,,,2006,,0.1063717406718209,0.1571212356427433,0.0706728986755478
Africa:Senegal:Kaolack,,,2007,,0.107243417712543,0.1632920429225327,0.0690009081586303
Africa:Senegal:Kaolack,,,2008,,0.1076821999699949,0.1619762121888789,0.0702899121135724
Africa:Senegal:Kaolack,,,2009,,0.1076870312576937,0.1524148356001031,0.0751512343211916
Africa:Senegal:Kaolack,0.1085346894101474,0.0113841217945282,2010,Senegal,0.1073680306063728,0.1295336407012476,0.0886436026905423
Africa:Senegal:Kaolack,,,2011,,0.1031277249060794,0.1412721522799235,0.0745595294868571
Africa:Senegal:Kaolack,0.0992718605203769,0.0259313743995908,2012,Senegal,0.0987938574577449,0.134673397721279,0.0717879709074605
Africa:Senegal:Kaolack,,,2013,,0.0937056120501778,0.1333333739249947,0.0650722629439773
Africa:Senegal:Kaolack,0.0844028687814915,0.0230320373544084,2014,Senegal,0.0884017212409518,0.1202045801985216,0.064419598062661
Africa:Senegal:Kaolack,0.0954930574564981,0.0204821049233645,2015,Senegal,0.0855457006572703,0.1137933978520233,0.0639017090874321
Africa:Senegal:Kaolack,0.0657038569200298,0.0323054563119104,2016,Senegal,0.0766717829780265,0.1069673213416889,0.0542630820696689
Africa:Senegal:Kaolack,0.0585809870813595,0.017303128981709,2017,Senegal,0.0692066626918467,0.0958162337233572,0.0493291004402337
Africa:Senegal:Kaolack,0.0606389832320381,0.0159004295458514,2018,Senegal,0.0660123733303099,0.0933113442736204,0.046092227937028
Africa:Senegal:Kaolack,0.044410239301075,0.0292049482352348,2019,Senegal,0.0657451134814266,0.1038097968593441,0.0406606372920107
Africa:Senegal:Kaolack,,,2020,,0.0675612278565121,0.1188229012845701,0.037163030797157
Africa:Senegal:Kaolack,,,2021,,0.0690363599218823,0.1325903134358281,0.0344893449109364
Africa:Senegal:Kaolack,,,2022,,0.0702331839297651,0.1456013191305398,0.0322321403622952
Africa:Senegal:Kaolack,,,2023,,0.0711408080268052,0.1579970663136902,0.0301998175326121
Africa:Senegal:Kaolack,,,2024,,0.0717495010285422,0.169926226336219,0.0282976337403167
Africa:Senegal:Kaolack,,,2025,,0.0720528611691765,0.1812884277734067,0.0264767881261051
